iso3,display_name,place_id_candidate,current_status,candidate_status,promote_to_canonical,blocking_reasons,next_action
ABW,Aruba,country:ABW,unknown_until_hidden_release_artifacts_fetchable,not_promoted,False,"[""PainMap hidden coverage artifacts not fetched"", ""source snapshots not captured"", ""licenses not fully verified"", ""numeric values not fetched/QAed""]","Run Codex release compiler task to fetch source snapshots, fill values, validate licenses, and update coverage summary."
AFG,Afghanistan,country:AFG,unknown_until_hidden_release_artifacts_fetchable,not_promoted,False,"[""PainMap hidden coverage artifacts not fetched"", ""source snapshots not captured"", ""licenses not fully verified"", ""numeric values not fetched/QAed""]","Run Codex release compiler task to fetch source snapshots, fill values, validate licenses, and update coverage summary."
AGO,Angola,country:AGO,unknown_until_hidden_release_artifacts_fetchable,not_promoted,False,"[""PainMap hidden coverage artifacts not fetched"", ""source snapshots not captured"", ""licenses not fully verified"", ""numeric values not fetched/QAed""]","Run Codex release compiler task to fetch source snapshots, fill values, validate licenses, and update coverage summary."
AIA,Anguilla,country:AIA,unknown_until_hidden_release_artifacts_fetchable,not_promoted,False,"[""PainMap hidden coverage artifacts not fetched"", ""source snapshots not captured"", ""licenses not fully verified"", ""numeric values not fetched/QAed""]","Run Codex release compiler task to fetch source snapshots, fill values, validate licenses, and update coverage summary."
ALA,Åland Islands,country:ALA,unknown_until_hidden_release_artifacts_fetchable,not_promoted,False,"[""PainMap hidden coverage artifacts not fetched"", ""source snapshots not captured"", ""licenses not fully verified"", ""numeric values not fetched/QAed""]","Run Codex release compiler task to fetch source snapshots, fill values, validate licenses, and update coverage summary."
ALB,Albania,country:ALB,unknown_until_hidden_release_artifacts_fetchable,not_promoted,False,"[""PainMap hidden coverage artifacts not fetched"", ""source snapshots not captured"", ""licenses not fully verified"", ""numeric values not fetched/QAed""]","Run Codex release compiler task to fetch source snapshots, fill values, validate licenses, and update coverage summary."
AND,Andorra,country:AND,unknown_until_hidden_release_artifacts_fetchable,not_promoted,False,"[""PainMap hidden coverage artifacts not fetched"", ""source snapshots not captured"", ""licenses not fully verified"", ""numeric values not fetched/QAed""]","Run Codex release compiler task to fetch source snapshots, fill values, validate licenses, and update coverage summary."
ARE,United Arab Emirates,country:ARE,unknown_until_hidden_release_artifacts_fetchable,not_promoted,False,"[""PainMap hidden coverage artifacts not fetched"", ""source snapshots not captured"", ""licenses not fully verified"", ""numeric values not fetched/QAed""]","Run Codex release compiler task to fetch source snapshots, fill values, validate licenses, and update coverage summary."
ARG,Argentina,country:ARG,unknown_until_hidden_release_artifacts_fetchable,not_promoted,False,"[""PainMap hidden coverage artifacts not fetched"", ""source snapshots not captured"", ""licenses not fully verified"", ""numeric values not fetched/QAed""]","Run Codex release compiler task to fetch source snapshots, fill values, validate licenses, and update coverage summary."
ARM,Armenia,country:ARM,unknown_until_hidden_release_artifacts_fetchable,not_promoted,False,"[""PainMap hidden coverage artifacts not fetched"", ""source snapshots not captured"", ""licenses not fully verified"", ""numeric values not fetched/QAed""]","Run Codex release compiler task to fetch source snapshots, fill values, validate licenses, and update coverage summary."
ASM,American Samoa,country:ASM,unknown_until_hidden_release_artifacts_fetchable,not_promoted,False,"[""PainMap hidden coverage artifacts not fetched"", ""source snapshots not captured"", ""licenses not fully verified"", ""numeric values not fetched/QAed""]","Run Codex release compiler task to fetch source snapshots, fill values, validate licenses, and update coverage summary."
ATA,Antarctica,country:ATA,unknown_until_hidden_release_artifacts_fetchable,not_promoted,False,"[""PainMap hidden coverage artifacts not fetched"", ""source snapshots not captured"", ""licenses not fully verified"", ""numeric values not fetched/QAed""]","Run Codex release compiler task to fetch source snapshots, fill values, validate licenses, and update coverage summary."
ATF,French Southern Territories,country:ATF,unknown_until_hidden_release_artifacts_fetchable,not_promoted,False,"[""PainMap hidden coverage artifacts not fetched"", ""source snapshots not captured"", ""licenses not fully verified"", ""numeric values not fetched/QAed""]","Run Codex release compiler task to fetch source snapshots, fill values, validate licenses, and update coverage summary."
ATG,Antigua and Barbuda,country:ATG,unknown_until_hidden_release_artifacts_fetchable,not_promoted,False,"[""PainMap hidden coverage artifacts not fetched"", ""source snapshots not captured"", ""licenses not fully verified"", ""numeric values not fetched/QAed""]","Run Codex release compiler task to fetch source snapshots, fill values, validate licenses, and update coverage summary."
AUS,Australia,country:AUS,unknown_until_hidden_release_artifacts_fetchable,not_promoted,False,"[""PainMap hidden coverage artifacts not fetched"", ""source snapshots not captured"", ""licenses not fully verified"", ""numeric values not fetched/QAed""]","Run Codex release compiler task to fetch source snapshots, fill values, validate licenses, and update coverage summary."
AUT,Austria,country:AUT,unknown_until_hidden_release_artifacts_fetchable,not_promoted,False,"[""PainMap hidden coverage artifacts not fetched"", ""source snapshots not captured"", ""licenses not fully verified"", ""numeric values not fetched/QAed""]","Run Codex release compiler task to fetch source snapshots, fill values, validate licenses, and update coverage summary."
AZE,Azerbaijan,country:AZE,unknown_until_hidden_release_artifacts_fetchable,not_promoted,False,"[""PainMap hidden coverage artifacts not fetched"", ""source snapshots not captured"", ""licenses not fully verified"", ""numeric values not fetched/QAed""]","Run Codex release compiler task to fetch source snapshots, fill values, validate licenses, and update coverage summary."
BDI,Burundi,country:BDI,unknown_until_hidden_release_artifacts_fetchable,not_promoted,False,"[""PainMap hidden coverage artifacts not fetched"", ""source snapshots not captured"", ""licenses not fully verified"", ""numeric values not fetched/QAed""]","Run Codex release compiler task to fetch source snapshots, fill values, validate licenses, and update coverage summary."
BEL,Belgium,country:BEL,unknown_until_hidden_release_artifacts_fetchable,not_promoted,False,"[""PainMap hidden coverage artifacts not fetched"", ""source snapshots not captured"", ""licenses not fully verified"", ""numeric values not fetched/QAed""]","Run Codex release compiler task to fetch source snapshots, fill values, validate licenses, and update coverage summary."
BEN,Benin,country:BEN,unknown_until_hidden_release_artifacts_fetchable,not_promoted,False,"[""PainMap hidden coverage artifacts not fetched"", ""source snapshots not captured"", ""licenses not fully verified"", ""numeric values not fetched/QAed""]","Run Codex release compiler task to fetch source snapshots, fill values, validate licenses, and update coverage summary."
BES,"Bonaire, Sint Eustatius and Saba",country:BES,unknown_until_hidden_release_artifacts_fetchable,not_promoted,False,"[""PainMap hidden coverage artifacts not fetched"", ""source snapshots not captured"", ""licenses not fully verified"", ""numeric values not fetched/QAed""]","Run Codex release compiler task to fetch source snapshots, fill values, validate licenses, and update coverage summary."
BFA,Burkina Faso,country:BFA,unknown_until_hidden_release_artifacts_fetchable,not_promoted,False,"[""PainMap hidden coverage artifacts not fetched"", ""source snapshots not captured"", ""licenses not fully verified"", ""numeric values not fetched/QAed""]","Run Codex release compiler task to fetch source snapshots, fill values, validate licenses, and update coverage summary."
BGD,Bangladesh,country:BGD,unknown_until_hidden_release_artifacts_fetchable,not_promoted,False,"[""PainMap hidden coverage artifacts not fetched"", ""source snapshots not captured"", ""licenses not fully verified"", ""numeric values not fetched/QAed""]","Run Codex release compiler task to fetch source snapshots, fill values, validate licenses, and update coverage summary."
BGR,Bulgaria,country:BGR,unknown_until_hidden_release_artifacts_fetchable,not_promoted,False,"[""PainMap hidden coverage artifacts not fetched"", ""source snapshots not captured"", ""licenses not fully verified"", ""numeric values not fetched/QAed""]","Run Codex release compiler task to fetch source snapshots, fill values, validate licenses, and update coverage summary."
BHR,Bahrain,country:BHR,unknown_until_hidden_release_artifacts_fetchable,not_promoted,False,"[""PainMap hidden coverage artifacts not fetched"", ""source snapshots not captured"", ""licenses not fully verified"", ""numeric values not fetched/QAed""]","Run Codex release compiler task to fetch source snapshots, fill values, validate licenses, and update coverage summary."
BHS,Bahamas,country:BHS,unknown_until_hidden_release_artifacts_fetchable,not_promoted,False,"[""PainMap hidden coverage artifacts not fetched"", ""source snapshots not captured"", ""licenses not fully verified"", ""numeric values not fetched/QAed""]","Run Codex release compiler task to fetch source snapshots, fill values, validate licenses, and update coverage summary."
BIH,Bosnia and Herzegovina,country:BIH,unknown_until_hidden_release_artifacts_fetchable,not_promoted,False,"[""PainMap hidden coverage artifacts not fetched"", ""source snapshots not captured"", ""licenses not fully verified"", ""numeric values not fetched/QAed""]","Run Codex release compiler task to fetch source snapshots, fill values, validate licenses, and update coverage summary."
BLM,Saint Barthélemy,country:BLM,unknown_until_hidden_release_artifacts_fetchable,not_promoted,False,"[""PainMap hidden coverage artifacts not fetched"", ""source snapshots not captured"", ""licenses not fully verified"", ""numeric values not fetched/QAed""]","Run Codex release compiler task to fetch source snapshots, fill values, validate licenses, and update coverage summary."
BLR,Belarus,country:BLR,unknown_until_hidden_release_artifacts_fetchable,not_promoted,False,"[""PainMap hidden coverage artifacts not fetched"", ""source snapshots not captured"", ""licenses not fully verified"", ""numeric values not fetched/QAed""]","Run Codex release compiler task to fetch source snapshots, fill values, validate licenses, and update coverage summary."
BLZ,Belize,country:BLZ,unknown_until_hidden_release_artifacts_fetchable,not_promoted,False,"[""PainMap hidden coverage artifacts not fetched"", ""source snapshots not captured"", ""licenses not fully verified"", ""numeric values not fetched/QAed""]","Run Codex release compiler task to fetch source snapshots, fill values, validate licenses, and update coverage summary."
BMU,Bermuda,country:BMU,unknown_until_hidden_release_artifacts_fetchable,not_promoted,False,"[""PainMap hidden coverage artifacts not fetched"", ""source snapshots not captured"", ""licenses not fully verified"", ""numeric values not fetched/QAed""]","Run Codex release compiler task to fetch source snapshots, fill values, validate licenses, and update coverage summary."
BOL,Bolivia,country:BOL,unknown_until_hidden_release_artifacts_fetchable,not_promoted,False,"[""PainMap hidden coverage artifacts not fetched"", ""source snapshots not captured"", ""licenses not fully verified"", ""numeric values not fetched/QAed""]","Run Codex release compiler task to fetch source snapshots, fill values, validate licenses, and update coverage summary."
BRA,Brazil,country:BRA,unknown_until_hidden_release_artifacts_fetchable,not_promoted,False,"[""PainMap hidden coverage artifacts not fetched"", ""source snapshots not captured"", ""licenses not fully verified"", ""numeric values not fetched/QAed""]","Run Codex release compiler task to fetch source snapshots, fill values, validate licenses, and update coverage summary."
BRB,Barbados,country:BRB,unknown_until_hidden_release_artifacts_fetchable,not_promoted,False,"[""PainMap hidden coverage artifacts not fetched"", ""source snapshots not captured"", ""licenses not fully verified"", ""numeric values not fetched/QAed""]","Run Codex release compiler task to fetch source snapshots, fill values, validate licenses, and update coverage summary."
BRN,Brunei Darussalam,country:BRN,unknown_until_hidden_release_artifacts_fetchable,not_promoted,False,"[""PainMap hidden coverage artifacts not fetched"", ""source snapshots not captured"", ""licenses not fully verified"", ""numeric values not fetched/QAed""]","Run Codex release compiler task to fetch source snapshots, fill values, validate licenses, and update coverage summary."
BTN,Bhutan,country:BTN,unknown_until_hidden_release_artifacts_fetchable,not_promoted,False,"[""PainMap hidden coverage artifacts not fetched"", ""source snapshots not captured"", ""licenses not fully verified"", ""numeric values not fetched/QAed""]","Run Codex release compiler task to fetch source snapshots, fill values, validate licenses, and update coverage summary."
BVT,Bouvet Island,country:BVT,unknown_until_hidden_release_artifacts_fetchable,not_promoted,False,"[""PainMap hidden coverage artifacts not fetched"", ""source snapshots not captured"", ""licenses not fully verified"", ""numeric values not fetched/QAed""]","Run Codex release compiler task to fetch source snapshots, fill values, validate licenses, and update coverage summary."
BWA,Botswana,country:BWA,unknown_until_hidden_release_artifacts_fetchable,not_promoted,False,"[""PainMap hidden coverage artifacts not fetched"", ""source snapshots not captured"", ""licenses not fully verified"", ""numeric values not fetched/QAed""]","Run Codex release compiler task to fetch source snapshots, fill values, validate licenses, and update coverage summary."
CAF,Central African Republic,country:CAF,unknown_until_hidden_release_artifacts_fetchable,not_promoted,False,"[""PainMap hidden coverage artifacts not fetched"", ""source snapshots not captured"", ""licenses not fully verified"", ""numeric values not fetched/QAed""]","Run Codex release compiler task to fetch source snapshots, fill values, validate licenses, and update coverage summary."
CAN,Canada,country:CAN,unknown_until_hidden_release_artifacts_fetchable,not_promoted,False,"[""PainMap hidden coverage artifacts not fetched"", ""source snapshots not captured"", ""licenses not fully verified"", ""numeric values not fetched/QAed""]","Run Codex release compiler task to fetch source snapshots, fill values, validate licenses, and update coverage summary."
CCK,Cocos (Keeling) Islands,country:CCK,unknown_until_hidden_release_artifacts_fetchable,not_promoted,False,"[""PainMap hidden coverage artifacts not fetched"", ""source snapshots not captured"", ""licenses not fully verified"", ""numeric values not fetched/QAed""]","Run Codex release compiler task to fetch source snapshots, fill values, validate licenses, and update coverage summary."
CHE,Switzerland,country:CHE,unknown_until_hidden_release_artifacts_fetchable,not_promoted,False,"[""PainMap hidden coverage artifacts not fetched"", ""source snapshots not captured"", ""licenses not fully verified"", ""numeric values not fetched/QAed""]","Run Codex release compiler task to fetch source snapshots, fill values, validate licenses, and update coverage summary."
CHL,Chile,country:CHL,unknown_until_hidden_release_artifacts_fetchable,not_promoted,False,"[""PainMap hidden coverage artifacts not fetched"", ""source snapshots not captured"", ""licenses not fully verified"", ""numeric values not fetched/QAed""]","Run Codex release compiler task to fetch source snapshots, fill values, validate licenses, and update coverage summary."
CHN,China,country:CHN,boundary_index_only_in_active_release,source_backed_partial_manual_review,False,"[""candidate rows require manual source and method review"", ""OWID original-provider terms require final license review"", ""remaining canonical country-profile source groups are incomplete"", ""candidate package has not been promoted into the immutable release""]","Review the three captured source groups, complete remaining source groups, then create a new immutable release rather than mutating the current release."
CIV,Côte d'Ivoire,country:CIV,unknown_until_hidden_release_artifacts_fetchable,not_promoted,False,"[""PainMap hidden coverage artifacts not fetched"", ""source snapshots not captured"", ""licenses not fully verified"", ""numeric values not fetched/QAed""]","Run Codex release compiler task to fetch source snapshots, fill values, validate licenses, and update coverage summary."
CMR,Cameroon,country:CMR,unknown_until_hidden_release_artifacts_fetchable,not_promoted,False,"[""PainMap hidden coverage artifacts not fetched"", ""source snapshots not captured"", ""licenses not fully verified"", ""numeric values not fetched/QAed""]","Run Codex release compiler task to fetch source snapshots, fill values, validate licenses, and update coverage summary."
COD,"Congo, The Democratic Republic of the",country:COD,unknown_until_hidden_release_artifacts_fetchable,not_promoted,False,"[""PainMap hidden coverage artifacts not fetched"", ""source snapshots not captured"", ""licenses not fully verified"", ""numeric values not fetched/QAed""]","Run Codex release compiler task to fetch source snapshots, fill values, validate licenses, and update coverage summary."
COG,Congo,country:COG,unknown_until_hidden_release_artifacts_fetchable,not_promoted,False,"[""PainMap hidden coverage artifacts not fetched"", ""source snapshots not captured"", ""licenses not fully verified"", ""numeric values not fetched/QAed""]","Run Codex release compiler task to fetch source snapshots, fill values, validate licenses, and update coverage summary."
COK,Cook Islands,country:COK,unknown_until_hidden_release_artifacts_fetchable,not_promoted,False,"[""PainMap hidden coverage artifacts not fetched"", ""source snapshots not captured"", ""licenses not fully verified"", ""numeric values not fetched/QAed""]","Run Codex release compiler task to fetch source snapshots, fill values, validate licenses, and update coverage summary."
COL,Colombia,country:COL,unknown_until_hidden_release_artifacts_fetchable,not_promoted,False,"[""PainMap hidden coverage artifacts not fetched"", ""source snapshots not captured"", ""licenses not fully verified"", ""numeric values not fetched/QAed""]","Run Codex release compiler task to fetch source snapshots, fill values, validate licenses, and update coverage summary."
COM,Comoros,country:COM,unknown_until_hidden_release_artifacts_fetchable,not_promoted,False,"[""PainMap hidden coverage artifacts not fetched"", ""source snapshots not captured"", ""licenses not fully verified"", ""numeric values not fetched/QAed""]","Run Codex release compiler task to fetch source snapshots, fill values, validate licenses, and update coverage summary."
CPV,Cabo Verde,country:CPV,unknown_until_hidden_release_artifacts_fetchable,not_promoted,False,"[""PainMap hidden coverage artifacts not fetched"", ""source snapshots not captured"", ""licenses not fully verified"", ""numeric values not fetched/QAed""]","Run Codex release compiler task to fetch source snapshots, fill values, validate licenses, and update coverage summary."
CRI,Costa Rica,country:CRI,unknown_until_hidden_release_artifacts_fetchable,not_promoted,False,"[""PainMap hidden coverage artifacts not fetched"", ""source snapshots not captured"", ""licenses not fully verified"", ""numeric values not fetched/QAed""]","Run Codex release compiler task to fetch source snapshots, fill values, validate licenses, and update coverage summary."
CUB,Cuba,country:CUB,unknown_until_hidden_release_artifacts_fetchable,not_promoted,False,"[""PainMap hidden coverage artifacts not fetched"", ""source snapshots not captured"", ""licenses not fully verified"", ""numeric values not fetched/QAed""]","Run Codex release compiler task to fetch source snapshots, fill values, validate licenses, and update coverage summary."
CUW,Curaçao,country:CUW,unknown_until_hidden_release_artifacts_fetchable,not_promoted,False,"[""PainMap hidden coverage artifacts not fetched"", ""source snapshots not captured"", ""licenses not fully verified"", ""numeric values not fetched/QAed""]","Run Codex release compiler task to fetch source snapshots, fill values, validate licenses, and update coverage summary."
CXR,Christmas Island,country:CXR,unknown_until_hidden_release_artifacts_fetchable,not_promoted,False,"[""PainMap hidden coverage artifacts not fetched"", ""source snapshots not captured"", ""licenses not fully verified"", ""numeric values not fetched/QAed""]","Run Codex release compiler task to fetch source snapshots, fill values, validate licenses, and update coverage summary."
CYM,Cayman Islands,country:CYM,unknown_until_hidden_release_artifacts_fetchable,not_promoted,False,"[""PainMap hidden coverage artifacts not fetched"", ""source snapshots not captured"", ""licenses not fully verified"", ""numeric values not fetched/QAed""]","Run Codex release compiler task to fetch source snapshots, fill values, validate licenses, and update coverage summary."
CYP,Cyprus,country:CYP,unknown_until_hidden_release_artifacts_fetchable,not_promoted,False,"[""PainMap hidden coverage artifacts not fetched"", ""source snapshots not captured"", ""licenses not fully verified"", ""numeric values not fetched/QAed""]","Run Codex release compiler task to fetch source snapshots, fill values, validate licenses, and update coverage summary."
CZE,Czechia,country:CZE,unknown_until_hidden_release_artifacts_fetchable,not_promoted,False,"[""PainMap hidden coverage artifacts not fetched"", ""source snapshots not captured"", ""licenses not fully verified"", ""numeric values not fetched/QAed""]","Run Codex release compiler task to fetch source snapshots, fill values, validate licenses, and update coverage summary."
DEU,Germany,country:DEU,boundary_index_only_in_active_release,source_backed_partial_manual_review,False,"[""candidate rows require manual source and method review"", ""OWID original-provider terms require final license review"", ""remaining canonical country-profile source groups are incomplete"", ""candidate package has not been promoted into the immutable release""]","Review the three captured source groups, complete remaining source groups, then create a new immutable release rather than mutating the current release."
DJI,Djibouti,country:DJI,unknown_until_hidden_release_artifacts_fetchable,not_promoted,False,"[""PainMap hidden coverage artifacts not fetched"", ""source snapshots not captured"", ""licenses not fully verified"", ""numeric values not fetched/QAed""]","Run Codex release compiler task to fetch source snapshots, fill values, validate licenses, and update coverage summary."
DMA,Dominica,country:DMA,unknown_until_hidden_release_artifacts_fetchable,not_promoted,False,"[""PainMap hidden coverage artifacts not fetched"", ""source snapshots not captured"", ""licenses not fully verified"", ""numeric values not fetched/QAed""]","Run Codex release compiler task to fetch source snapshots, fill values, validate licenses, and update coverage summary."
DNK,Denmark,country:DNK,unknown_until_hidden_release_artifacts_fetchable,not_promoted,False,"[""PainMap hidden coverage artifacts not fetched"", ""source snapshots not captured"", ""licenses not fully verified"", ""numeric values not fetched/QAed""]","Run Codex release compiler task to fetch source snapshots, fill values, validate licenses, and update coverage summary."
DOM,Dominican Republic,country:DOM,unknown_until_hidden_release_artifacts_fetchable,not_promoted,False,"[""PainMap hidden coverage artifacts not fetched"", ""source snapshots not captured"", ""licenses not fully verified"", ""numeric values not fetched/QAed""]","Run Codex release compiler task to fetch source snapshots, fill values, validate licenses, and update coverage summary."
DZA,Algeria,country:DZA,unknown_until_hidden_release_artifacts_fetchable,not_promoted,False,"[""PainMap hidden coverage artifacts not fetched"", ""source snapshots not captured"", ""licenses not fully verified"", ""numeric values not fetched/QAed""]","Run Codex release compiler task to fetch source snapshots, fill values, validate licenses, and update coverage summary."
ECU,Ecuador,country:ECU,unknown_until_hidden_release_artifacts_fetchable,not_promoted,False,"[""PainMap hidden coverage artifacts not fetched"", ""source snapshots not captured"", ""licenses not fully verified"", ""numeric values not fetched/QAed""]","Run Codex release compiler task to fetch source snapshots, fill values, validate licenses, and update coverage summary."
EGY,Egypt,country:EGY,unknown_until_hidden_release_artifacts_fetchable,not_promoted,False,"[""PainMap hidden coverage artifacts not fetched"", ""source snapshots not captured"", ""licenses not fully verified"", ""numeric values not fetched/QAed""]","Run Codex release compiler task to fetch source snapshots, fill values, validate licenses, and update coverage summary."
ERI,Eritrea,country:ERI,unknown_until_hidden_release_artifacts_fetchable,not_promoted,False,"[""PainMap hidden coverage artifacts not fetched"", ""source snapshots not captured"", ""licenses not fully verified"", ""numeric values not fetched/QAed""]","Run Codex release compiler task to fetch source snapshots, fill values, validate licenses, and update coverage summary."
ESH,Western Sahara,country:ESH,unknown_until_hidden_release_artifacts_fetchable,not_promoted,False,"[""PainMap hidden coverage artifacts not fetched"", ""source snapshots not captured"", ""licenses not fully verified"", ""numeric values not fetched/QAed""]","Run Codex release compiler task to fetch source snapshots, fill values, validate licenses, and update coverage summary."
ESP,Spain,country:ESP,unknown_until_hidden_release_artifacts_fetchable,not_promoted,False,"[""PainMap hidden coverage artifacts not fetched"", ""source snapshots not captured"", ""licenses not fully verified"", ""numeric values not fetched/QAed""]","Run Codex release compiler task to fetch source snapshots, fill values, validate licenses, and update coverage summary."
EST,Estonia,country:EST,unknown_until_hidden_release_artifacts_fetchable,not_promoted,False,"[""PainMap hidden coverage artifacts not fetched"", ""source snapshots not captured"", ""licenses not fully verified"", ""numeric values not fetched/QAed""]","Run Codex release compiler task to fetch source snapshots, fill values, validate licenses, and update coverage summary."
ETH,Ethiopia,country:ETH,unknown_until_hidden_release_artifacts_fetchable,not_promoted,False,"[""PainMap hidden coverage artifacts not fetched"", ""source snapshots not captured"", ""licenses not fully verified"", ""numeric values not fetched/QAed""]","Run Codex release compiler task to fetch source snapshots, fill values, validate licenses, and update coverage summary."
FIN,Finland,country:FIN,unknown_until_hidden_release_artifacts_fetchable,not_promoted,False,"[""PainMap hidden coverage artifacts not fetched"", ""source snapshots not captured"", ""licenses not fully verified"", ""numeric values not fetched/QAed""]","Run Codex release compiler task to fetch source snapshots, fill values, validate licenses, and update coverage summary."
FJI,Fiji,country:FJI,unknown_until_hidden_release_artifacts_fetchable,not_promoted,False,"[""PainMap hidden coverage artifacts not fetched"", ""source snapshots not captured"", ""licenses not fully verified"", ""numeric values not fetched/QAed""]","Run Codex release compiler task to fetch source snapshots, fill values, validate licenses, and update coverage summary."
FLK,Falkland Islands (Malvinas),country:FLK,unknown_until_hidden_release_artifacts_fetchable,not_promoted,False,"[""PainMap hidden coverage artifacts not fetched"", ""source snapshots not captured"", ""licenses not fully verified"", ""numeric values not fetched/QAed""]","Run Codex release compiler task to fetch source snapshots, fill values, validate licenses, and update coverage summary."
FRA,France,country:FRA,unknown_until_hidden_release_artifacts_fetchable,not_promoted,False,"[""PainMap hidden coverage artifacts not fetched"", ""source snapshots not captured"", ""licenses not fully verified"", ""numeric values not fetched/QAed""]","Run Codex release compiler task to fetch source snapshots, fill values, validate licenses, and update coverage summary."
FRO,Faroe Islands,country:FRO,unknown_until_hidden_release_artifacts_fetchable,not_promoted,False,"[""PainMap hidden coverage artifacts not fetched"", ""source snapshots not captured"", ""licenses not fully verified"", ""numeric values not fetched/QAed""]","Run Codex release compiler task to fetch source snapshots, fill values, validate licenses, and update coverage summary."
FSM,"Micronesia, Federated States of",country:FSM,unknown_until_hidden_release_artifacts_fetchable,not_promoted,False,"[""PainMap hidden coverage artifacts not fetched"", ""source snapshots not captured"", ""licenses not fully verified"", ""numeric values not fetched/QAed""]","Run Codex release compiler task to fetch source snapshots, fill values, validate licenses, and update coverage summary."
GAB,Gabon,country:GAB,unknown_until_hidden_release_artifacts_fetchable,not_promoted,False,"[""PainMap hidden coverage artifacts not fetched"", ""source snapshots not captured"", ""licenses not fully verified"", ""numeric values not fetched/QAed""]","Run Codex release compiler task to fetch source snapshots, fill values, validate licenses, and update coverage summary."
GBR,United Kingdom,country:GBR,boundary_index_only_in_active_release,source_backed_partial_manual_review,False,"[""candidate rows require manual source and method review"", ""OWID original-provider terms require final license review"", ""remaining canonical country-profile source groups are incomplete"", ""candidate package has not been promoted into the immutable release""]","Review the three captured source groups, complete remaining source groups, then create a new immutable release rather than mutating the current release."
GEO,Georgia,country:GEO,unknown_until_hidden_release_artifacts_fetchable,not_promoted,False,"[""PainMap hidden coverage artifacts not fetched"", ""source snapshots not captured"", ""licenses not fully verified"", ""numeric values not fetched/QAed""]","Run Codex release compiler task to fetch source snapshots, fill values, validate licenses, and update coverage summary."
GGY,Guernsey,country:GGY,unknown_until_hidden_release_artifacts_fetchable,not_promoted,False,"[""PainMap hidden coverage artifacts not fetched"", ""source snapshots not captured"", ""licenses not fully verified"", ""numeric values not fetched/QAed""]","Run Codex release compiler task to fetch source snapshots, fill values, validate licenses, and update coverage summary."
GHA,Ghana,country:GHA,unknown_until_hidden_release_artifacts_fetchable,not_promoted,False,"[""PainMap hidden coverage artifacts not fetched"", ""source snapshots not captured"", ""licenses not fully verified"", ""numeric values not fetched/QAed""]","Run Codex release compiler task to fetch source snapshots, fill values, validate licenses, and update coverage summary."
GIB,Gibraltar,country:GIB,unknown_until_hidden_release_artifacts_fetchable,not_promoted,False,"[""PainMap hidden coverage artifacts not fetched"", ""source snapshots not captured"", ""licenses not fully verified"", ""numeric values not fetched/QAed""]","Run Codex release compiler task to fetch source snapshots, fill values, validate licenses, and update coverage summary."
GIN,Guinea,country:GIN,unknown_until_hidden_release_artifacts_fetchable,not_promoted,False,"[""PainMap hidden coverage artifacts not fetched"", ""source snapshots not captured"", ""licenses not fully verified"", ""numeric values not fetched/QAed""]","Run Codex release compiler task to fetch source snapshots, fill values, validate licenses, and update coverage summary."
GLP,Guadeloupe,country:GLP,unknown_until_hidden_release_artifacts_fetchable,not_promoted,False,"[""PainMap hidden coverage artifacts not fetched"", ""source snapshots not captured"", ""licenses not fully verified"", ""numeric values not fetched/QAed""]","Run Codex release compiler task to fetch source snapshots, fill values, validate licenses, and update coverage summary."
GMB,Gambia,country:GMB,unknown_until_hidden_release_artifacts_fetchable,not_promoted,False,"[""PainMap hidden coverage artifacts not fetched"", ""source snapshots not captured"", ""licenses not fully verified"", ""numeric values not fetched/QAed""]","Run Codex release compiler task to fetch source snapshots, fill values, validate licenses, and update coverage summary."
GNB,Guinea-Bissau,country:GNB,unknown_until_hidden_release_artifacts_fetchable,not_promoted,False,"[""PainMap hidden coverage artifacts not fetched"", ""source snapshots not captured"", ""licenses not fully verified"", ""numeric values not fetched/QAed""]","Run Codex release compiler task to fetch source snapshots, fill values, validate licenses, and update coverage summary."
GNQ,Equatorial Guinea,country:GNQ,unknown_until_hidden_release_artifacts_fetchable,not_promoted,False,"[""PainMap hidden coverage artifacts not fetched"", ""source snapshots not captured"", ""licenses not fully verified"", ""numeric values not fetched/QAed""]","Run Codex release compiler task to fetch source snapshots, fill values, validate licenses, and update coverage summary."
GRC,Greece,country:GRC,unknown_until_hidden_release_artifacts_fetchable,not_promoted,False,"[""PainMap hidden coverage artifacts not fetched"", ""source snapshots not captured"", ""licenses not fully verified"", ""numeric values not fetched/QAed""]","Run Codex release compiler task to fetch source snapshots, fill values, validate licenses, and update coverage summary."
GRD,Grenada,country:GRD,unknown_until_hidden_release_artifacts_fetchable,not_promoted,False,"[""PainMap hidden coverage artifacts not fetched"", ""source snapshots not captured"", ""licenses not fully verified"", ""numeric values not fetched/QAed""]","Run Codex release compiler task to fetch source snapshots, fill values, validate licenses, and update coverage summary."
GRL,Greenland,country:GRL,unknown_until_hidden_release_artifacts_fetchable,not_promoted,False,"[""PainMap hidden coverage artifacts not fetched"", ""source snapshots not captured"", ""licenses not fully verified"", ""numeric values not fetched/QAed""]","Run Codex release compiler task to fetch source snapshots, fill values, validate licenses, and update coverage summary."
GTM,Guatemala,country:GTM,unknown_until_hidden_release_artifacts_fetchable,not_promoted,False,"[""PainMap hidden coverage artifacts not fetched"", ""source snapshots not captured"", ""licenses not fully verified"", ""numeric values not fetched/QAed""]","Run Codex release compiler task to fetch source snapshots, fill values, validate licenses, and update coverage summary."
GUF,French Guiana,country:GUF,unknown_until_hidden_release_artifacts_fetchable,not_promoted,False,"[""PainMap hidden coverage artifacts not fetched"", ""source snapshots not captured"", ""licenses not fully verified"", ""numeric values not fetched/QAed""]","Run Codex release compiler task to fetch source snapshots, fill values, validate licenses, and update coverage summary."
GUM,Guam,country:GUM,unknown_until_hidden_release_artifacts_fetchable,not_promoted,False,"[""PainMap hidden coverage artifacts not fetched"", ""source snapshots not captured"", ""licenses not fully verified"", ""numeric values not fetched/QAed""]","Run Codex release compiler task to fetch source snapshots, fill values, validate licenses, and update coverage summary."
GUY,Guyana,country:GUY,unknown_until_hidden_release_artifacts_fetchable,not_promoted,False,"[""PainMap hidden coverage artifacts not fetched"", ""source snapshots not captured"", ""licenses not fully verified"", ""numeric values not fetched/QAed""]","Run Codex release compiler task to fetch source snapshots, fill values, validate licenses, and update coverage summary."
HKG,Hong Kong,country:HKG,unknown_until_hidden_release_artifacts_fetchable,not_promoted,False,"[""PainMap hidden coverage artifacts not fetched"", ""source snapshots not captured"", ""licenses not fully verified"", ""numeric values not fetched/QAed""]","Run Codex release compiler task to fetch source snapshots, fill values, validate licenses, and update coverage summary."
HMD,Heard Island and McDonald Islands,country:HMD,unknown_until_hidden_release_artifacts_fetchable,not_promoted,False,"[""PainMap hidden coverage artifacts not fetched"", ""source snapshots not captured"", ""licenses not fully verified"", ""numeric values not fetched/QAed""]","Run Codex release compiler task to fetch source snapshots, fill values, validate licenses, and update coverage summary."
HND,Honduras,country:HND,unknown_until_hidden_release_artifacts_fetchable,not_promoted,False,"[""PainMap hidden coverage artifacts not fetched"", ""source snapshots not captured"", ""licenses not fully verified"", ""numeric values not fetched/QAed""]","Run Codex release compiler task to fetch source snapshots, fill values, validate licenses, and update coverage summary."
HRV,Croatia,country:HRV,unknown_until_hidden_release_artifacts_fetchable,not_promoted,False,"[""PainMap hidden coverage artifacts not fetched"", ""source snapshots not captured"", ""licenses not fully verified"", ""numeric values not fetched/QAed""]","Run Codex release compiler task to fetch source snapshots, fill values, validate licenses, and update coverage summary."
HTI,Haiti,country:HTI,unknown_until_hidden_release_artifacts_fetchable,not_promoted,False,"[""PainMap hidden coverage artifacts not fetched"", ""source snapshots not captured"", ""licenses not fully verified"", ""numeric values not fetched/QAed""]","Run Codex release compiler task to fetch source snapshots, fill values, validate licenses, and update coverage summary."
HUN,Hungary,country:HUN,unknown_until_hidden_release_artifacts_fetchable,not_promoted,False,"[""PainMap hidden coverage artifacts not fetched"", ""source snapshots not captured"", ""licenses not fully verified"", ""numeric values not fetched/QAed""]","Run Codex release compiler task to fetch source snapshots, fill values, validate licenses, and update coverage summary."
IDN,Indonesia,country:IDN,boundary_index_only_in_active_release,source_backed_partial_manual_review,False,"[""candidate rows require manual source and method review"", ""OWID original-provider terms require final license review"", ""remaining canonical country-profile source groups are incomplete"", ""candidate package has not been promoted into the immutable release""]","Review the three captured source groups, complete remaining source groups, then create a new immutable release rather than mutating the current release."
IMN,Isle of Man,country:IMN,unknown_until_hidden_release_artifacts_fetchable,not_promoted,False,"[""PainMap hidden coverage artifacts not fetched"", ""source snapshots not captured"", ""licenses not fully verified"", ""numeric values not fetched/QAed""]","Run Codex release compiler task to fetch source snapshots, fill values, validate licenses, and update coverage summary."
IND,India,country:IND,unknown_until_hidden_release_artifacts_fetchable,not_promoted,False,"[""PainMap hidden coverage artifacts not fetched"", ""source snapshots not captured"", ""licenses not fully verified"", ""numeric values not fetched/QAed""]","Run Codex release compiler task to fetch source snapshots, fill values, validate licenses, and update coverage summary."
IOT,British Indian Ocean Territory,country:IOT,unknown_until_hidden_release_artifacts_fetchable,not_promoted,False,"[""PainMap hidden coverage artifacts not fetched"", ""source snapshots not captured"", ""licenses not fully verified"", ""numeric values not fetched/QAed""]","Run Codex release compiler task to fetch source snapshots, fill values, validate licenses, and update coverage summary."
IRL,Ireland,country:IRL,unknown_until_hidden_release_artifacts_fetchable,not_promoted,False,"[""PainMap hidden coverage artifacts not fetched"", ""source snapshots not captured"", ""licenses not fully verified"", ""numeric values not fetched/QAed""]","Run Codex release compiler task to fetch source snapshots, fill values, validate licenses, and update coverage summary."
IRN,Iran,country:IRN,unknown_until_hidden_release_artifacts_fetchable,not_promoted,False,"[""PainMap hidden coverage artifacts not fetched"", ""source snapshots not captured"", ""licenses not fully verified"", ""numeric values not fetched/QAed""]","Run Codex release compiler task to fetch source snapshots, fill values, validate licenses, and update coverage summary."
IRQ,Iraq,country:IRQ,unknown_until_hidden_release_artifacts_fetchable,not_promoted,False,"[""PainMap hidden coverage artifacts not fetched"", ""source snapshots not captured"", ""licenses not fully verified"", ""numeric values not fetched/QAed""]","Run Codex release compiler task to fetch source snapshots, fill values, validate licenses, and update coverage summary."
ISL,Iceland,country:ISL,unknown_until_hidden_release_artifacts_fetchable,not_promoted,False,"[""PainMap hidden coverage artifacts not fetched"", ""source snapshots not captured"", ""licenses not fully verified"", ""numeric values not fetched/QAed""]","Run Codex release compiler task to fetch source snapshots, fill values, validate licenses, and update coverage summary."
ISR,Israel,country:ISR,unknown_until_hidden_release_artifacts_fetchable,not_promoted,False,"[""PainMap hidden coverage artifacts not fetched"", ""source snapshots not captured"", ""licenses not fully verified"", ""numeric values not fetched/QAed""]","Run Codex release compiler task to fetch source snapshots, fill values, validate licenses, and update coverage summary."
ITA,Italy,country:ITA,unknown_until_hidden_release_artifacts_fetchable,not_promoted,False,"[""PainMap hidden coverage artifacts not fetched"", ""source snapshots not captured"", ""licenses not fully verified"", ""numeric values not fetched/QAed""]","Run Codex release compiler task to fetch source snapshots, fill values, validate licenses, and update coverage summary."
JAM,Jamaica,country:JAM,unknown_until_hidden_release_artifacts_fetchable,not_promoted,False,"[""PainMap hidden coverage artifacts not fetched"", ""source snapshots not captured"", ""licenses not fully verified"", ""numeric values not fetched/QAed""]","Run Codex release compiler task to fetch source snapshots, fill values, validate licenses, and update coverage summary."
JEY,Jersey,country:JEY,unknown_until_hidden_release_artifacts_fetchable,not_promoted,False,"[""PainMap hidden coverage artifacts not fetched"", ""source snapshots not captured"", ""licenses not fully verified"", ""numeric values not fetched/QAed""]","Run Codex release compiler task to fetch source snapshots, fill values, validate licenses, and update coverage summary."
JOR,Jordan,country:JOR,unknown_until_hidden_release_artifacts_fetchable,not_promoted,False,"[""PainMap hidden coverage artifacts not fetched"", ""source snapshots not captured"", ""licenses not fully verified"", ""numeric values not fetched/QAed""]","Run Codex release compiler task to fetch source snapshots, fill values, validate licenses, and update coverage summary."
JPN,Japan,country:JPN,boundary_index_only_in_active_release,source_backed_partial_manual_review,False,"[""candidate rows require manual source and method review"", ""OWID original-provider terms require final license review"", ""remaining canonical country-profile source groups are incomplete"", ""candidate package has not been promoted into the immutable release""]","Review the three captured source groups, complete remaining source groups, then create a new immutable release rather than mutating the current release."
KAZ,Kazakhstan,country:KAZ,unknown_until_hidden_release_artifacts_fetchable,not_promoted,False,"[""PainMap hidden coverage artifacts not fetched"", ""source snapshots not captured"", ""licenses not fully verified"", ""numeric values not fetched/QAed""]","Run Codex release compiler task to fetch source snapshots, fill values, validate licenses, and update coverage summary."
KEN,Kenya,country:KEN,unknown_until_hidden_release_artifacts_fetchable,not_promoted,False,"[""PainMap hidden coverage artifacts not fetched"", ""source snapshots not captured"", ""licenses not fully verified"", ""numeric values not fetched/QAed""]","Run Codex release compiler task to fetch source snapshots, fill values, validate licenses, and update coverage summary."
KGZ,Kyrgyzstan,country:KGZ,unknown_until_hidden_release_artifacts_fetchable,not_promoted,False,"[""PainMap hidden coverage artifacts not fetched"", ""source snapshots not captured"", ""licenses not fully verified"", ""numeric values not fetched/QAed""]","Run Codex release compiler task to fetch source snapshots, fill values, validate licenses, and update coverage summary."
KHM,Cambodia,country:KHM,unknown_until_hidden_release_artifacts_fetchable,not_promoted,False,"[""PainMap hidden coverage artifacts not fetched"", ""source snapshots not captured"", ""licenses not fully verified"", ""numeric values not fetched/QAed""]","Run Codex release compiler task to fetch source snapshots, fill values, validate licenses, and update coverage summary."
KIR,Kiribati,country:KIR,unknown_until_hidden_release_artifacts_fetchable,not_promoted,False,"[""PainMap hidden coverage artifacts not fetched"", ""source snapshots not captured"", ""licenses not fully verified"", ""numeric values not fetched/QAed""]","Run Codex release compiler task to fetch source snapshots, fill values, validate licenses, and update coverage summary."
KNA,Saint Kitts and Nevis,country:KNA,unknown_until_hidden_release_artifacts_fetchable,not_promoted,False,"[""PainMap hidden coverage artifacts not fetched"", ""source snapshots not captured"", ""licenses not fully verified"", ""numeric values not fetched/QAed""]","Run Codex release compiler task to fetch source snapshots, fill values, validate licenses, and update coverage summary."
KOR,South Korea,country:KOR,unknown_until_hidden_release_artifacts_fetchable,not_promoted,False,"[""PainMap hidden coverage artifacts not fetched"", ""source snapshots not captured"", ""licenses not fully verified"", ""numeric values not fetched/QAed""]","Run Codex release compiler task to fetch source snapshots, fill values, validate licenses, and update coverage summary."
KWT,Kuwait,country:KWT,unknown_until_hidden_release_artifacts_fetchable,not_promoted,False,"[""PainMap hidden coverage artifacts not fetched"", ""source snapshots not captured"", ""licenses not fully verified"", ""numeric values not fetched/QAed""]","Run Codex release compiler task to fetch source snapshots, fill values, validate licenses, and update coverage summary."
LAO,Laos,country:LAO,unknown_until_hidden_release_artifacts_fetchable,not_promoted,False,"[""PainMap hidden coverage artifacts not fetched"", ""source snapshots not captured"", ""licenses not fully verified"", ""numeric values not fetched/QAed""]","Run Codex release compiler task to fetch source snapshots, fill values, validate licenses, and update coverage summary."
LBN,Lebanon,country:LBN,unknown_until_hidden_release_artifacts_fetchable,not_promoted,False,"[""PainMap hidden coverage artifacts not fetched"", ""source snapshots not captured"", ""licenses not fully verified"", ""numeric values not fetched/QAed""]","Run Codex release compiler task to fetch source snapshots, fill values, validate licenses, and update coverage summary."
LBR,Liberia,country:LBR,unknown_until_hidden_release_artifacts_fetchable,not_promoted,False,"[""PainMap hidden coverage artifacts not fetched"", ""source snapshots not captured"", ""licenses not fully verified"", ""numeric values not fetched/QAed""]","Run Codex release compiler task to fetch source snapshots, fill values, validate licenses, and update coverage summary."
LBY,Libya,country:LBY,unknown_until_hidden_release_artifacts_fetchable,not_promoted,False,"[""PainMap hidden coverage artifacts not fetched"", ""source snapshots not captured"", ""licenses not fully verified"", ""numeric values not fetched/QAed""]","Run Codex release compiler task to fetch source snapshots, fill values, validate licenses, and update coverage summary."
LCA,Saint Lucia,country:LCA,unknown_until_hidden_release_artifacts_fetchable,not_promoted,False,"[""PainMap hidden coverage artifacts not fetched"", ""source snapshots not captured"", ""licenses not fully verified"", ""numeric values not fetched/QAed""]","Run Codex release compiler task to fetch source snapshots, fill values, validate licenses, and update coverage summary."
LIE,Liechtenstein,country:LIE,unknown_until_hidden_release_artifacts_fetchable,not_promoted,False,"[""PainMap hidden coverage artifacts not fetched"", ""source snapshots not captured"", ""licenses not fully verified"", ""numeric values not fetched/QAed""]","Run Codex release compiler task to fetch source snapshots, fill values, validate licenses, and update coverage summary."
LKA,Sri Lanka,country:LKA,unknown_until_hidden_release_artifacts_fetchable,not_promoted,False,"[""PainMap hidden coverage artifacts not fetched"", ""source snapshots not captured"", ""licenses not fully verified"", ""numeric values not fetched/QAed""]","Run Codex release compiler task to fetch source snapshots, fill values, validate licenses, and update coverage summary."
LSO,Lesotho,country:LSO,unknown_until_hidden_release_artifacts_fetchable,not_promoted,False,"[""PainMap hidden coverage artifacts not fetched"", ""source snapshots not captured"", ""licenses not fully verified"", ""numeric values not fetched/QAed""]","Run Codex release compiler task to fetch source snapshots, fill values, validate licenses, and update coverage summary."
LTU,Lithuania,country:LTU,unknown_until_hidden_release_artifacts_fetchable,not_promoted,False,"[""PainMap hidden coverage artifacts not fetched"", ""source snapshots not captured"", ""licenses not fully verified"", ""numeric values not fetched/QAed""]","Run Codex release compiler task to fetch source snapshots, fill values, validate licenses, and update coverage summary."
LUX,Luxembourg,country:LUX,unknown_until_hidden_release_artifacts_fetchable,not_promoted,False,"[""PainMap hidden coverage artifacts not fetched"", ""source snapshots not captured"", ""licenses not fully verified"", ""numeric values not fetched/QAed""]","Run Codex release compiler task to fetch source snapshots, fill values, validate licenses, and update coverage summary."
LVA,Latvia,country:LVA,unknown_until_hidden_release_artifacts_fetchable,not_promoted,False,"[""PainMap hidden coverage artifacts not fetched"", ""source snapshots not captured"", ""licenses not fully verified"", ""numeric values not fetched/QAed""]","Run Codex release compiler task to fetch source snapshots, fill values, validate licenses, and update coverage summary."
MAC,Macao,country:MAC,unknown_until_hidden_release_artifacts_fetchable,not_promoted,False,"[""PainMap hidden coverage artifacts not fetched"", ""source snapshots not captured"", ""licenses not fully verified"", ""numeric values not fetched/QAed""]","Run Codex release compiler task to fetch source snapshots, fill values, validate licenses, and update coverage summary."
MAF,Saint Martin (French part),country:MAF,unknown_until_hidden_release_artifacts_fetchable,not_promoted,False,"[""PainMap hidden coverage artifacts not fetched"", ""source snapshots not captured"", ""licenses not fully verified"", ""numeric values not fetched/QAed""]","Run Codex release compiler task to fetch source snapshots, fill values, validate licenses, and update coverage summary."
MAR,Morocco,country:MAR,unknown_until_hidden_release_artifacts_fetchable,not_promoted,False,"[""PainMap hidden coverage artifacts not fetched"", ""source snapshots not captured"", ""licenses not fully verified"", ""numeric values not fetched/QAed""]","Run Codex release compiler task to fetch source snapshots, fill values, validate licenses, and update coverage summary."
MCO,Monaco,country:MCO,unknown_until_hidden_release_artifacts_fetchable,not_promoted,False,"[""PainMap hidden coverage artifacts not fetched"", ""source snapshots not captured"", ""licenses not fully verified"", ""numeric values not fetched/QAed""]","Run Codex release compiler task to fetch source snapshots, fill values, validate licenses, and update coverage summary."
MDA,Moldova,country:MDA,unknown_until_hidden_release_artifacts_fetchable,not_promoted,False,"[""PainMap hidden coverage artifacts not fetched"", ""source snapshots not captured"", ""licenses not fully verified"", ""numeric values not fetched/QAed""]","Run Codex release compiler task to fetch source snapshots, fill values, validate licenses, and update coverage summary."
MDG,Madagascar,country:MDG,unknown_until_hidden_release_artifacts_fetchable,not_promoted,False,"[""PainMap hidden coverage artifacts not fetched"", ""source snapshots not captured"", ""licenses not fully verified"", ""numeric values not fetched/QAed""]","Run Codex release compiler task to fetch source snapshots, fill values, validate licenses, and update coverage summary."
MDV,Maldives,country:MDV,unknown_until_hidden_release_artifacts_fetchable,not_promoted,False,"[""PainMap hidden coverage artifacts not fetched"", ""source snapshots not captured"", ""licenses not fully verified"", ""numeric values not fetched/QAed""]","Run Codex release compiler task to fetch source snapshots, fill values, validate licenses, and update coverage summary."
MEX,Mexico,country:MEX,boundary_index_only_in_active_release,source_backed_partial_manual_review,False,"[""candidate rows require manual source and method review"", ""OWID original-provider terms require final license review"", ""remaining canonical country-profile source groups are incomplete"", ""candidate package has not been promoted into the immutable release""]","Review the three captured source groups, complete remaining source groups, then create a new immutable release rather than mutating the current release."
MHL,Marshall Islands,country:MHL,unknown_until_hidden_release_artifacts_fetchable,not_promoted,False,"[""PainMap hidden coverage artifacts not fetched"", ""source snapshots not captured"", ""licenses not fully verified"", ""numeric values not fetched/QAed""]","Run Codex release compiler task to fetch source snapshots, fill values, validate licenses, and update coverage summary."
MKD,North Macedonia,country:MKD,unknown_until_hidden_release_artifacts_fetchable,not_promoted,False,"[""PainMap hidden coverage artifacts not fetched"", ""source snapshots not captured"", ""licenses not fully verified"", ""numeric values not fetched/QAed""]","Run Codex release compiler task to fetch source snapshots, fill values, validate licenses, and update coverage summary."
MLI,Mali,country:MLI,unknown_until_hidden_release_artifacts_fetchable,not_promoted,False,"[""PainMap hidden coverage artifacts not fetched"", ""source snapshots not captured"", ""licenses not fully verified"", ""numeric values not fetched/QAed""]","Run Codex release compiler task to fetch source snapshots, fill values, validate licenses, and update coverage summary."
MLT,Malta,country:MLT,unknown_until_hidden_release_artifacts_fetchable,not_promoted,False,"[""PainMap hidden coverage artifacts not fetched"", ""source snapshots not captured"", ""licenses not fully verified"", ""numeric values not fetched/QAed""]","Run Codex release compiler task to fetch source snapshots, fill values, validate licenses, and update coverage summary."
MMR,Myanmar,country:MMR,unknown_until_hidden_release_artifacts_fetchable,not_promoted,False,"[""PainMap hidden coverage artifacts not fetched"", ""source snapshots not captured"", ""licenses not fully verified"", ""numeric values not fetched/QAed""]","Run Codex release compiler task to fetch source snapshots, fill values, validate licenses, and update coverage summary."
MNE,Montenegro,country:MNE,unknown_until_hidden_release_artifacts_fetchable,not_promoted,False,"[""PainMap hidden coverage artifacts not fetched"", ""source snapshots not captured"", ""licenses not fully verified"", ""numeric values not fetched/QAed""]","Run Codex release compiler task to fetch source snapshots, fill values, validate licenses, and update coverage summary."
MNG,Mongolia,country:MNG,unknown_until_hidden_release_artifacts_fetchable,not_promoted,False,"[""PainMap hidden coverage artifacts not fetched"", ""source snapshots not captured"", ""licenses not fully verified"", ""numeric values not fetched/QAed""]","Run Codex release compiler task to fetch source snapshots, fill values, validate licenses, and update coverage summary."
MNP,Northern Mariana Islands,country:MNP,unknown_until_hidden_release_artifacts_fetchable,not_promoted,False,"[""PainMap hidden coverage artifacts not fetched"", ""source snapshots not captured"", ""licenses not fully verified"", ""numeric values not fetched/QAed""]","Run Codex release compiler task to fetch source snapshots, fill values, validate licenses, and update coverage summary."
MOZ,Mozambique,country:MOZ,unknown_until_hidden_release_artifacts_fetchable,not_promoted,False,"[""PainMap hidden coverage artifacts not fetched"", ""source snapshots not captured"", ""licenses not fully verified"", ""numeric values not fetched/QAed""]","Run Codex release compiler task to fetch source snapshots, fill values, validate licenses, and update coverage summary."
MRT,Mauritania,country:MRT,unknown_until_hidden_release_artifacts_fetchable,not_promoted,False,"[""PainMap hidden coverage artifacts not fetched"", ""source snapshots not captured"", ""licenses not fully verified"", ""numeric values not fetched/QAed""]","Run Codex release compiler task to fetch source snapshots, fill values, validate licenses, and update coverage summary."
MSR,Montserrat,country:MSR,unknown_until_hidden_release_artifacts_fetchable,not_promoted,False,"[""PainMap hidden coverage artifacts not fetched"", ""source snapshots not captured"", ""licenses not fully verified"", ""numeric values not fetched/QAed""]","Run Codex release compiler task to fetch source snapshots, fill values, validate licenses, and update coverage summary."
MTQ,Martinique,country:MTQ,unknown_until_hidden_release_artifacts_fetchable,not_promoted,False,"[""PainMap hidden coverage artifacts not fetched"", ""source snapshots not captured"", ""licenses not fully verified"", ""numeric values not fetched/QAed""]","Run Codex release compiler task to fetch source snapshots, fill values, validate licenses, and update coverage summary."
MUS,Mauritius,country:MUS,unknown_until_hidden_release_artifacts_fetchable,not_promoted,False,"[""PainMap hidden coverage artifacts not fetched"", ""source snapshots not captured"", ""licenses not fully verified"", ""numeric values not fetched/QAed""]","Run Codex release compiler task to fetch source snapshots, fill values, validate licenses, and update coverage summary."
MWI,Malawi,country:MWI,unknown_until_hidden_release_artifacts_fetchable,not_promoted,False,"[""PainMap hidden coverage artifacts not fetched"", ""source snapshots not captured"", ""licenses not fully verified"", ""numeric values not fetched/QAed""]","Run Codex release compiler task to fetch source snapshots, fill values, validate licenses, and update coverage summary."
MYS,Malaysia,country:MYS,unknown_until_hidden_release_artifacts_fetchable,not_promoted,False,"[""PainMap hidden coverage artifacts not fetched"", ""source snapshots not captured"", ""licenses not fully verified"", ""numeric values not fetched/QAed""]","Run Codex release compiler task to fetch source snapshots, fill values, validate licenses, and update coverage summary."
MYT,Mayotte,country:MYT,unknown_until_hidden_release_artifacts_fetchable,not_promoted,False,"[""PainMap hidden coverage artifacts not fetched"", ""source snapshots not captured"", ""licenses not fully verified"", ""numeric values not fetched/QAed""]","Run Codex release compiler task to fetch source snapshots, fill values, validate licenses, and update coverage summary."
NAM,Namibia,country:NAM,unknown_until_hidden_release_artifacts_fetchable,not_promoted,False,"[""PainMap hidden coverage artifacts not fetched"", ""source snapshots not captured"", ""licenses not fully verified"", ""numeric values not fetched/QAed""]","Run Codex release compiler task to fetch source snapshots, fill values, validate licenses, and update coverage summary."
NCL,New Caledonia,country:NCL,unknown_until_hidden_release_artifacts_fetchable,not_promoted,False,"[""PainMap hidden coverage artifacts not fetched"", ""source snapshots not captured"", ""licenses not fully verified"", ""numeric values not fetched/QAed""]","Run Codex release compiler task to fetch source snapshots, fill values, validate licenses, and update coverage summary."
NER,Niger,country:NER,unknown_until_hidden_release_artifacts_fetchable,not_promoted,False,"[""PainMap hidden coverage artifacts not fetched"", ""source snapshots not captured"", ""licenses not fully verified"", ""numeric values not fetched/QAed""]","Run Codex release compiler task to fetch source snapshots, fill values, validate licenses, and update coverage summary."
NFK,Norfolk Island,country:NFK,unknown_until_hidden_release_artifacts_fetchable,not_promoted,False,"[""PainMap hidden coverage artifacts not fetched"", ""source snapshots not captured"", ""licenses not fully verified"", ""numeric values not fetched/QAed""]","Run Codex release compiler task to fetch source snapshots, fill values, validate licenses, and update coverage summary."
NGA,Nigeria,country:NGA,unknown_until_hidden_release_artifacts_fetchable,not_promoted,False,"[""PainMap hidden coverage artifacts not fetched"", ""source snapshots not captured"", ""licenses not fully verified"", ""numeric values not fetched/QAed""]","Run Codex release compiler task to fetch source snapshots, fill values, validate licenses, and update coverage summary."
NIC,Nicaragua,country:NIC,unknown_until_hidden_release_artifacts_fetchable,not_promoted,False,"[""PainMap hidden coverage artifacts not fetched"", ""source snapshots not captured"", ""licenses not fully verified"", ""numeric values not fetched/QAed""]","Run Codex release compiler task to fetch source snapshots, fill values, validate licenses, and update coverage summary."
NIU,Niue,country:NIU,unknown_until_hidden_release_artifacts_fetchable,not_promoted,False,"[""PainMap hidden coverage artifacts not fetched"", ""source snapshots not captured"", ""licenses not fully verified"", ""numeric values not fetched/QAed""]","Run Codex release compiler task to fetch source snapshots, fill values, validate licenses, and update coverage summary."
NLD,Netherlands,country:NLD,unknown_until_hidden_release_artifacts_fetchable,not_promoted,False,"[""PainMap hidden coverage artifacts not fetched"", ""source snapshots not captured"", ""licenses not fully verified"", ""numeric values not fetched/QAed""]","Run Codex release compiler task to fetch source snapshots, fill values, validate licenses, and update coverage summary."
NOR,Norway,country:NOR,unknown_until_hidden_release_artifacts_fetchable,not_promoted,False,"[""PainMap hidden coverage artifacts not fetched"", ""source snapshots not captured"", ""licenses not fully verified"", ""numeric values not fetched/QAed""]","Run Codex release compiler task to fetch source snapshots, fill values, validate licenses, and update coverage summary."
NPL,Nepal,country:NPL,unknown_until_hidden_release_artifacts_fetchable,not_promoted,False,"[""PainMap hidden coverage artifacts not fetched"", ""source snapshots not captured"", ""licenses not fully verified"", ""numeric values not fetched/QAed""]","Run Codex release compiler task to fetch source snapshots, fill values, validate licenses, and update coverage summary."
NRU,Nauru,country:NRU,unknown_until_hidden_release_artifacts_fetchable,not_promoted,False,"[""PainMap hidden coverage artifacts not fetched"", ""source snapshots not captured"", ""licenses not fully verified"", ""numeric values not fetched/QAed""]","Run Codex release compiler task to fetch source snapshots, fill values, validate licenses, and update coverage summary."
NZL,New Zealand,country:NZL,unknown_until_hidden_release_artifacts_fetchable,not_promoted,False,"[""PainMap hidden coverage artifacts not fetched"", ""source snapshots not captured"", ""licenses not fully verified"", ""numeric values not fetched/QAed""]","Run Codex release compiler task to fetch source snapshots, fill values, validate licenses, and update coverage summary."
OMN,Oman,country:OMN,unknown_until_hidden_release_artifacts_fetchable,not_promoted,False,"[""PainMap hidden coverage artifacts not fetched"", ""source snapshots not captured"", ""licenses not fully verified"", ""numeric values not fetched/QAed""]","Run Codex release compiler task to fetch source snapshots, fill values, validate licenses, and update coverage summary."
PAK,Pakistan,country:PAK,unknown_until_hidden_release_artifacts_fetchable,not_promoted,False,"[""PainMap hidden coverage artifacts not fetched"", ""source snapshots not captured"", ""licenses not fully verified"", ""numeric values not fetched/QAed""]","Run Codex release compiler task to fetch source snapshots, fill values, validate licenses, and update coverage summary."
PAN,Panama,country:PAN,unknown_until_hidden_release_artifacts_fetchable,not_promoted,False,"[""PainMap hidden coverage artifacts not fetched"", ""source snapshots not captured"", ""licenses not fully verified"", ""numeric values not fetched/QAed""]","Run Codex release compiler task to fetch source snapshots, fill values, validate licenses, and update coverage summary."
PCN,Pitcairn,country:PCN,unknown_until_hidden_release_artifacts_fetchable,not_promoted,False,"[""PainMap hidden coverage artifacts not fetched"", ""source snapshots not captured"", ""licenses not fully verified"", ""numeric values not fetched/QAed""]","Run Codex release compiler task to fetch source snapshots, fill values, validate licenses, and update coverage summary."
PER,Peru,country:PER,unknown_until_hidden_release_artifacts_fetchable,not_promoted,False,"[""PainMap hidden coverage artifacts not fetched"", ""source snapshots not captured"", ""licenses not fully verified"", ""numeric values not fetched/QAed""]","Run Codex release compiler task to fetch source snapshots, fill values, validate licenses, and update coverage summary."
PHL,Philippines,country:PHL,unknown_until_hidden_release_artifacts_fetchable,not_promoted,False,"[""PainMap hidden coverage artifacts not fetched"", ""source snapshots not captured"", ""licenses not fully verified"", ""numeric values not fetched/QAed""]","Run Codex release compiler task to fetch source snapshots, fill values, validate licenses, and update coverage summary."
PLW,Palau,country:PLW,unknown_until_hidden_release_artifacts_fetchable,not_promoted,False,"[""PainMap hidden coverage artifacts not fetched"", ""source snapshots not captured"", ""licenses not fully verified"", ""numeric values not fetched/QAed""]","Run Codex release compiler task to fetch source snapshots, fill values, validate licenses, and update coverage summary."
PNG,Papua New Guinea,country:PNG,unknown_until_hidden_release_artifacts_fetchable,not_promoted,False,"[""PainMap hidden coverage artifacts not fetched"", ""source snapshots not captured"", ""licenses not fully verified"", ""numeric values not fetched/QAed""]","Run Codex release compiler task to fetch source snapshots, fill values, validate licenses, and update coverage summary."
POL,Poland,country:POL,unknown_until_hidden_release_artifacts_fetchable,not_promoted,False,"[""PainMap hidden coverage artifacts not fetched"", ""source snapshots not captured"", ""licenses not fully verified"", ""numeric values not fetched/QAed""]","Run Codex release compiler task to fetch source snapshots, fill values, validate licenses, and update coverage summary."
PRI,Puerto Rico,country:PRI,unknown_until_hidden_release_artifacts_fetchable,not_promoted,False,"[""PainMap hidden coverage artifacts not fetched"", ""source snapshots not captured"", ""licenses not fully verified"", ""numeric values not fetched/QAed""]","Run Codex release compiler task to fetch source snapshots, fill values, validate licenses, and update coverage summary."
PRK,North Korea,country:PRK,unknown_until_hidden_release_artifacts_fetchable,not_promoted,False,"[""PainMap hidden coverage artifacts not fetched"", ""source snapshots not captured"", ""licenses not fully verified"", ""numeric values not fetched/QAed""]","Run Codex release compiler task to fetch source snapshots, fill values, validate licenses, and update coverage summary."
PRT,Portugal,country:PRT,unknown_until_hidden_release_artifacts_fetchable,not_promoted,False,"[""PainMap hidden coverage artifacts not fetched"", ""source snapshots not captured"", ""licenses not fully verified"", ""numeric values not fetched/QAed""]","Run Codex release compiler task to fetch source snapshots, fill values, validate licenses, and update coverage summary."
PRY,Paraguay,country:PRY,unknown_until_hidden_release_artifacts_fetchable,not_promoted,False,"[""PainMap hidden coverage artifacts not fetched"", ""source snapshots not captured"", ""licenses not fully verified"", ""numeric values not fetched/QAed""]","Run Codex release compiler task to fetch source snapshots, fill values, validate licenses, and update coverage summary."
PSE,"Palestine, State of",country:PSE,unknown_until_hidden_release_artifacts_fetchable,not_promoted,False,"[""PainMap hidden coverage artifacts not fetched"", ""source snapshots not captured"", ""licenses not fully verified"", ""numeric values not fetched/QAed""]","Run Codex release compiler task to fetch source snapshots, fill values, validate licenses, and update coverage summary."
PYF,French Polynesia,country:PYF,unknown_until_hidden_release_artifacts_fetchable,not_promoted,False,"[""PainMap hidden coverage artifacts not fetched"", ""source snapshots not captured"", ""licenses not fully verified"", ""numeric values not fetched/QAed""]","Run Codex release compiler task to fetch source snapshots, fill values, validate licenses, and update coverage summary."
QAT,Qatar,country:QAT,unknown_until_hidden_release_artifacts_fetchable,not_promoted,False,"[""PainMap hidden coverage artifacts not fetched"", ""source snapshots not captured"", ""licenses not fully verified"", ""numeric values not fetched/QAed""]","Run Codex release compiler task to fetch source snapshots, fill values, validate licenses, and update coverage summary."
REU,Réunion,country:REU,unknown_until_hidden_release_artifacts_fetchable,not_promoted,False,"[""PainMap hidden coverage artifacts not fetched"", ""source snapshots not captured"", ""licenses not fully verified"", ""numeric values not fetched/QAed""]","Run Codex release compiler task to fetch source snapshots, fill values, validate licenses, and update coverage summary."
ROU,Romania,country:ROU,unknown_until_hidden_release_artifacts_fetchable,not_promoted,False,"[""PainMap hidden coverage artifacts not fetched"", ""source snapshots not captured"", ""licenses not fully verified"", ""numeric values not fetched/QAed""]","Run Codex release compiler task to fetch source snapshots, fill values, validate licenses, and update coverage summary."
RUS,Russian Federation,country:RUS,boundary_index_only_in_active_release,source_backed_partial_manual_review,False,"[""candidate rows require manual source and method review"", ""OWID original-provider terms require final license review"", ""remaining canonical country-profile source groups are incomplete"", ""candidate package has not been promoted into the immutable release""]","Review the three captured source groups, complete remaining source groups, then create a new immutable release rather than mutating the current release."
RWA,Rwanda,country:RWA,unknown_until_hidden_release_artifacts_fetchable,not_promoted,False,"[""PainMap hidden coverage artifacts not fetched"", ""source snapshots not captured"", ""licenses not fully verified"", ""numeric values not fetched/QAed""]","Run Codex release compiler task to fetch source snapshots, fill values, validate licenses, and update coverage summary."
SAU,Saudi Arabia,country:SAU,unknown_until_hidden_release_artifacts_fetchable,not_promoted,False,"[""PainMap hidden coverage artifacts not fetched"", ""source snapshots not captured"", ""licenses not fully verified"", ""numeric values not fetched/QAed""]","Run Codex release compiler task to fetch source snapshots, fill values, validate licenses, and update coverage summary."
SDN,Sudan,country:SDN,unknown_until_hidden_release_artifacts_fetchable,not_promoted,False,"[""PainMap hidden coverage artifacts not fetched"", ""source snapshots not captured"", ""licenses not fully verified"", ""numeric values not fetched/QAed""]","Run Codex release compiler task to fetch source snapshots, fill values, validate licenses, and update coverage summary."
SEN,Senegal,country:SEN,unknown_until_hidden_release_artifacts_fetchable,not_promoted,False,"[""PainMap hidden coverage artifacts not fetched"", ""source snapshots not captured"", ""licenses not fully verified"", ""numeric values not fetched/QAed""]","Run Codex release compiler task to fetch source snapshots, fill values, validate licenses, and update coverage summary."
SGP,Singapore,country:SGP,unknown_until_hidden_release_artifacts_fetchable,not_promoted,False,"[""PainMap hidden coverage artifacts not fetched"", ""source snapshots not captured"", ""licenses not fully verified"", ""numeric values not fetched/QAed""]","Run Codex release compiler task to fetch source snapshots, fill values, validate licenses, and update coverage summary."
SGS,South Georgia and the South Sandwich Islands,country:SGS,unknown_until_hidden_release_artifacts_fetchable,not_promoted,False,"[""PainMap hidden coverage artifacts not fetched"", ""source snapshots not captured"", ""licenses not fully verified"", ""numeric values not fetched/QAed""]","Run Codex release compiler task to fetch source snapshots, fill values, validate licenses, and update coverage summary."
SHN,"Saint Helena, Ascension and Tristan da Cunha",country:SHN,unknown_until_hidden_release_artifacts_fetchable,not_promoted,False,"[""PainMap hidden coverage artifacts not fetched"", ""source snapshots not captured"", ""licenses not fully verified"", ""numeric values not fetched/QAed""]","Run Codex release compiler task to fetch source snapshots, fill values, validate licenses, and update coverage summary."
SJM,Svalbard and Jan Mayen,country:SJM,unknown_until_hidden_release_artifacts_fetchable,not_promoted,False,"[""PainMap hidden coverage artifacts not fetched"", ""source snapshots not captured"", ""licenses not fully verified"", ""numeric values not fetched/QAed""]","Run Codex release compiler task to fetch source snapshots, fill values, validate licenses, and update coverage summary."
SLB,Solomon Islands,country:SLB,unknown_until_hidden_release_artifacts_fetchable,not_promoted,False,"[""PainMap hidden coverage artifacts not fetched"", ""source snapshots not captured"", ""licenses not fully verified"", ""numeric values not fetched/QAed""]","Run Codex release compiler task to fetch source snapshots, fill values, validate licenses, and update coverage summary."
SLE,Sierra Leone,country:SLE,unknown_until_hidden_release_artifacts_fetchable,not_promoted,False,"[""PainMap hidden coverage artifacts not fetched"", ""source snapshots not captured"", ""licenses not fully verified"", ""numeric values not fetched/QAed""]","Run Codex release compiler task to fetch source snapshots, fill values, validate licenses, and update coverage summary."
SLV,El Salvador,country:SLV,unknown_until_hidden_release_artifacts_fetchable,not_promoted,False,"[""PainMap hidden coverage artifacts not fetched"", ""source snapshots not captured"", ""licenses not fully verified"", ""numeric values not fetched/QAed""]","Run Codex release compiler task to fetch source snapshots, fill values, validate licenses, and update coverage summary."
SMR,San Marino,country:SMR,unknown_until_hidden_release_artifacts_fetchable,not_promoted,False,"[""PainMap hidden coverage artifacts not fetched"", ""source snapshots not captured"", ""licenses not fully verified"", ""numeric values not fetched/QAed""]","Run Codex release compiler task to fetch source snapshots, fill values, validate licenses, and update coverage summary."
SOM,Somalia,country:SOM,unknown_until_hidden_release_artifacts_fetchable,not_promoted,False,"[""PainMap hidden coverage artifacts not fetched"", ""source snapshots not captured"", ""licenses not fully verified"", ""numeric values not fetched/QAed""]","Run Codex release compiler task to fetch source snapshots, fill values, validate licenses, and update coverage summary."
SPM,Saint Pierre and Miquelon,country:SPM,unknown_until_hidden_release_artifacts_fetchable,not_promoted,False,"[""PainMap hidden coverage artifacts not fetched"", ""source snapshots not captured"", ""licenses not fully verified"", ""numeric values not fetched/QAed""]","Run Codex release compiler task to fetch source snapshots, fill values, validate licenses, and update coverage summary."
SRB,Serbia,country:SRB,unknown_until_hidden_release_artifacts_fetchable,not_promoted,False,"[""PainMap hidden coverage artifacts not fetched"", ""source snapshots not captured"", ""licenses not fully verified"", ""numeric values not fetched/QAed""]","Run Codex release compiler task to fetch source snapshots, fill values, validate licenses, and update coverage summary."
SSD,South Sudan,country:SSD,unknown_until_hidden_release_artifacts_fetchable,not_promoted,False,"[""PainMap hidden coverage artifacts not fetched"", ""source snapshots not captured"", ""licenses not fully verified"", ""numeric values not fetched/QAed""]","Run Codex release compiler task to fetch source snapshots, fill values, validate licenses, and update coverage summary."
STP,Sao Tome and Principe,country:STP,unknown_until_hidden_release_artifacts_fetchable,not_promoted,False,"[""PainMap hidden coverage artifacts not fetched"", ""source snapshots not captured"", ""licenses not fully verified"", ""numeric values not fetched/QAed""]","Run Codex release compiler task to fetch source snapshots, fill values, validate licenses, and update coverage summary."
SUR,Suriname,country:SUR,unknown_until_hidden_release_artifacts_fetchable,not_promoted,False,"[""PainMap hidden coverage artifacts not fetched"", ""source snapshots not captured"", ""licenses not fully verified"", ""numeric values not fetched/QAed""]","Run Codex release compiler task to fetch source snapshots, fill values, validate licenses, and update coverage summary."
SVK,Slovakia,country:SVK,unknown_until_hidden_release_artifacts_fetchable,not_promoted,False,"[""PainMap hidden coverage artifacts not fetched"", ""source snapshots not captured"", ""licenses not fully verified"", ""numeric values not fetched/QAed""]","Run Codex release compiler task to fetch source snapshots, fill values, validate licenses, and update coverage summary."
SVN,Slovenia,country:SVN,unknown_until_hidden_release_artifacts_fetchable,not_promoted,False,"[""PainMap hidden coverage artifacts not fetched"", ""source snapshots not captured"", ""licenses not fully verified"", ""numeric values not fetched/QAed""]","Run Codex release compiler task to fetch source snapshots, fill values, validate licenses, and update coverage summary."
SWE,Sweden,country:SWE,unknown_until_hidden_release_artifacts_fetchable,not_promoted,False,"[""PainMap hidden coverage artifacts not fetched"", ""source snapshots not captured"", ""licenses not fully verified"", ""numeric values not fetched/QAed""]","Run Codex release compiler task to fetch source snapshots, fill values, validate licenses, and update coverage summary."
SWZ,Eswatini,country:SWZ,unknown_until_hidden_release_artifacts_fetchable,not_promoted,False,"[""PainMap hidden coverage artifacts not fetched"", ""source snapshots not captured"", ""licenses not fully verified"", ""numeric values not fetched/QAed""]","Run Codex release compiler task to fetch source snapshots, fill values, validate licenses, and update coverage summary."
SXM,Sint Maarten (Dutch part),country:SXM,unknown_until_hidden_release_artifacts_fetchable,not_promoted,False,"[""PainMap hidden coverage artifacts not fetched"", ""source snapshots not captured"", ""licenses not fully verified"", ""numeric values not fetched/QAed""]","Run Codex release compiler task to fetch source snapshots, fill values, validate licenses, and update coverage summary."
SYC,Seychelles,country:SYC,unknown_until_hidden_release_artifacts_fetchable,not_promoted,False,"[""PainMap hidden coverage artifacts not fetched"", ""source snapshots not captured"", ""licenses not fully verified"", ""numeric values not fetched/QAed""]","Run Codex release compiler task to fetch source snapshots, fill values, validate licenses, and update coverage summary."
SYR,Syria,country:SYR,unknown_until_hidden_release_artifacts_fetchable,not_promoted,False,"[""PainMap hidden coverage artifacts not fetched"", ""source snapshots not captured"", ""licenses not fully verified"", ""numeric values not fetched/QAed""]","Run Codex release compiler task to fetch source snapshots, fill values, validate licenses, and update coverage summary."
TCA,Turks and Caicos Islands,country:TCA,unknown_until_hidden_release_artifacts_fetchable,not_promoted,False,"[""PainMap hidden coverage artifacts not fetched"", ""source snapshots not captured"", ""licenses not fully verified"", ""numeric values not fetched/QAed""]","Run Codex release compiler task to fetch source snapshots, fill values, validate licenses, and update coverage summary."
TCD,Chad,country:TCD,unknown_until_hidden_release_artifacts_fetchable,not_promoted,False,"[""PainMap hidden coverage artifacts not fetched"", ""source snapshots not captured"", ""licenses not fully verified"", ""numeric values not fetched/QAed""]","Run Codex release compiler task to fetch source snapshots, fill values, validate licenses, and update coverage summary."
TGO,Togo,country:TGO,unknown_until_hidden_release_artifacts_fetchable,not_promoted,False,"[""PainMap hidden coverage artifacts not fetched"", ""source snapshots not captured"", ""licenses not fully verified"", ""numeric values not fetched/QAed""]","Run Codex release compiler task to fetch source snapshots, fill values, validate licenses, and update coverage summary."
THA,Thailand,country:THA,unknown_until_hidden_release_artifacts_fetchable,not_promoted,False,"[""PainMap hidden coverage artifacts not fetched"", ""source snapshots not captured"", ""licenses not fully verified"", ""numeric values not fetched/QAed""]","Run Codex release compiler task to fetch source snapshots, fill values, validate licenses, and update coverage summary."
TJK,Tajikistan,country:TJK,unknown_until_hidden_release_artifacts_fetchable,not_promoted,False,"[""PainMap hidden coverage artifacts not fetched"", ""source snapshots not captured"", ""licenses not fully verified"", ""numeric values not fetched/QAed""]","Run Codex release compiler task to fetch source snapshots, fill values, validate licenses, and update coverage summary."
TKL,Tokelau,country:TKL,unknown_until_hidden_release_artifacts_fetchable,not_promoted,False,"[""PainMap hidden coverage artifacts not fetched"", ""source snapshots not captured"", ""licenses not fully verified"", ""numeric values not fetched/QAed""]","Run Codex release compiler task to fetch source snapshots, fill values, validate licenses, and update coverage summary."
TKM,Turkmenistan,country:TKM,unknown_until_hidden_release_artifacts_fetchable,not_promoted,False,"[""PainMap hidden coverage artifacts not fetched"", ""source snapshots not captured"", ""licenses not fully verified"", ""numeric values not fetched/QAed""]","Run Codex release compiler task to fetch source snapshots, fill values, validate licenses, and update coverage summary."
TLS,Timor-Leste,country:TLS,unknown_until_hidden_release_artifacts_fetchable,not_promoted,False,"[""PainMap hidden coverage artifacts not fetched"", ""source snapshots not captured"", ""licenses not fully verified"", ""numeric values not fetched/QAed""]","Run Codex release compiler task to fetch source snapshots, fill values, validate licenses, and update coverage summary."
TON,Tonga,country:TON,unknown_until_hidden_release_artifacts_fetchable,not_promoted,False,"[""PainMap hidden coverage artifacts not fetched"", ""source snapshots not captured"", ""licenses not fully verified"", ""numeric values not fetched/QAed""]","Run Codex release compiler task to fetch source snapshots, fill values, validate licenses, and update coverage summary."
TTO,Trinidad and Tobago,country:TTO,unknown_until_hidden_release_artifacts_fetchable,not_promoted,False,"[""PainMap hidden coverage artifacts not fetched"", ""source snapshots not captured"", ""licenses not fully verified"", ""numeric values not fetched/QAed""]","Run Codex release compiler task to fetch source snapshots, fill values, validate licenses, and update coverage summary."
TUN,Tunisia,country:TUN,unknown_until_hidden_release_artifacts_fetchable,not_promoted,False,"[""PainMap hidden coverage artifacts not fetched"", ""source snapshots not captured"", ""licenses not fully verified"", ""numeric values not fetched/QAed""]","Run Codex release compiler task to fetch source snapshots, fill values, validate licenses, and update coverage summary."
TUR,Türkiye,country:TUR,unknown_until_hidden_release_artifacts_fetchable,not_promoted,False,"[""PainMap hidden coverage artifacts not fetched"", ""source snapshots not captured"", ""licenses not fully verified"", ""numeric values not fetched/QAed""]","Run Codex release compiler task to fetch source snapshots, fill values, validate licenses, and update coverage summary."
TUV,Tuvalu,country:TUV,unknown_until_hidden_release_artifacts_fetchable,not_promoted,False,"[""PainMap hidden coverage artifacts not fetched"", ""source snapshots not captured"", ""licenses not fully verified"", ""numeric values not fetched/QAed""]","Run Codex release compiler task to fetch source snapshots, fill values, validate licenses, and update coverage summary."
TWN,Taiwan,country:TWN,unknown_until_hidden_release_artifacts_fetchable,not_promoted,False,"[""PainMap hidden coverage artifacts not fetched"", ""source snapshots not captured"", ""licenses not fully verified"", ""numeric values not fetched/QAed""]","Run Codex release compiler task to fetch source snapshots, fill values, validate licenses, and update coverage summary."
TZA,Tanzania,country:TZA,unknown_until_hidden_release_artifacts_fetchable,not_promoted,False,"[""PainMap hidden coverage artifacts not fetched"", ""source snapshots not captured"", ""licenses not fully verified"", ""numeric values not fetched/QAed""]","Run Codex release compiler task to fetch source snapshots, fill values, validate licenses, and update coverage summary."
UGA,Uganda,country:UGA,unknown_until_hidden_release_artifacts_fetchable,not_promoted,False,"[""PainMap hidden coverage artifacts not fetched"", ""source snapshots not captured"", ""licenses not fully verified"", ""numeric values not fetched/QAed""]","Run Codex release compiler task to fetch source snapshots, fill values, validate licenses, and update coverage summary."
UKR,Ukraine,country:UKR,unknown_until_hidden_release_artifacts_fetchable,not_promoted,False,"[""PainMap hidden coverage artifacts not fetched"", ""source snapshots not captured"", ""licenses not fully verified"", ""numeric values not fetched/QAed""]","Run Codex release compiler task to fetch source snapshots, fill values, validate licenses, and update coverage summary."
UMI,United States Minor Outlying Islands,country:UMI,unknown_until_hidden_release_artifacts_fetchable,not_promoted,False,"[""PainMap hidden coverage artifacts not fetched"", ""source snapshots not captured"", ""licenses not fully verified"", ""numeric values not fetched/QAed""]","Run Codex release compiler task to fetch source snapshots, fill values, validate licenses, and update coverage summary."
URY,Uruguay,country:URY,unknown_until_hidden_release_artifacts_fetchable,not_promoted,False,"[""PainMap hidden coverage artifacts not fetched"", ""source snapshots not captured"", ""licenses not fully verified"", ""numeric values not fetched/QAed""]","Run Codex release compiler task to fetch source snapshots, fill values, validate licenses, and update coverage summary."
USA,United States,country:USA,boundary_index_only_in_active_release,source_backed_partial_manual_review,False,"[""candidate rows require manual source and method review"", ""OWID original-provider terms require final license review"", ""remaining canonical country-profile source groups are incomplete"", ""candidate package has not been promoted into the immutable release""]","Review the three captured source groups, complete remaining source groups, then create a new immutable release rather than mutating the current release."
UZB,Uzbekistan,country:UZB,unknown_until_hidden_release_artifacts_fetchable,not_promoted,False,"[""PainMap hidden coverage artifacts not fetched"", ""source snapshots not captured"", ""licenses not fully verified"", ""numeric values not fetched/QAed""]","Run Codex release compiler task to fetch source snapshots, fill values, validate licenses, and update coverage summary."
VAT,Holy See (Vatican City State),country:VAT,unknown_until_hidden_release_artifacts_fetchable,not_promoted,False,"[""PainMap hidden coverage artifacts not fetched"", ""source snapshots not captured"", ""licenses not fully verified"", ""numeric values not fetched/QAed""]","Run Codex release compiler task to fetch source snapshots, fill values, validate licenses, and update coverage summary."
VCT,Saint Vincent and the Grenadines,country:VCT,unknown_until_hidden_release_artifacts_fetchable,not_promoted,False,"[""PainMap hidden coverage artifacts not fetched"", ""source snapshots not captured"", ""licenses not fully verified"", ""numeric values not fetched/QAed""]","Run Codex release compiler task to fetch source snapshots, fill values, validate licenses, and update coverage summary."
VEN,Venezuela,country:VEN,unknown_until_hidden_release_artifacts_fetchable,not_promoted,False,"[""PainMap hidden coverage artifacts not fetched"", ""source snapshots not captured"", ""licenses not fully verified"", ""numeric values not fetched/QAed""]","Run Codex release compiler task to fetch source snapshots, fill values, validate licenses, and update coverage summary."
VGB,"Virgin Islands, British",country:VGB,unknown_until_hidden_release_artifacts_fetchable,not_promoted,False,"[""PainMap hidden coverage artifacts not fetched"", ""source snapshots not captured"", ""licenses not fully verified"", ""numeric values not fetched/QAed""]","Run Codex release compiler task to fetch source snapshots, fill values, validate licenses, and update coverage summary."
VIR,"Virgin Islands, U.S.",country:VIR,unknown_until_hidden_release_artifacts_fetchable,not_promoted,False,"[""PainMap hidden coverage artifacts not fetched"", ""source snapshots not captured"", ""licenses not fully verified"", ""numeric values not fetched/QAed""]","Run Codex release compiler task to fetch source snapshots, fill values, validate licenses, and update coverage summary."
VNM,Vietnam,country:VNM,unknown_until_hidden_release_artifacts_fetchable,not_promoted,False,"[""PainMap hidden coverage artifacts not fetched"", ""source snapshots not captured"", ""licenses not fully verified"", ""numeric values not fetched/QAed""]","Run Codex release compiler task to fetch source snapshots, fill values, validate licenses, and update coverage summary."
VUT,Vanuatu,country:VUT,unknown_until_hidden_release_artifacts_fetchable,not_promoted,False,"[""PainMap hidden coverage artifacts not fetched"", ""source snapshots not captured"", ""licenses not fully verified"", ""numeric values not fetched/QAed""]","Run Codex release compiler task to fetch source snapshots, fill values, validate licenses, and update coverage summary."
WLF,Wallis and Futuna,country:WLF,unknown_until_hidden_release_artifacts_fetchable,not_promoted,False,"[""PainMap hidden coverage artifacts not fetched"", ""source snapshots not captured"", ""licenses not fully verified"", ""numeric values not fetched/QAed""]","Run Codex release compiler task to fetch source snapshots, fill values, validate licenses, and update coverage summary."
WSM,Samoa,country:WSM,unknown_until_hidden_release_artifacts_fetchable,not_promoted,False,"[""PainMap hidden coverage artifacts not fetched"", ""source snapshots not captured"", ""licenses not fully verified"", ""numeric values not fetched/QAed""]","Run Codex release compiler task to fetch source snapshots, fill values, validate licenses, and update coverage summary."
YEM,Yemen,country:YEM,unknown_until_hidden_release_artifacts_fetchable,not_promoted,False,"[""PainMap hidden coverage artifacts not fetched"", ""source snapshots not captured"", ""licenses not fully verified"", ""numeric values not fetched/QAed""]","Run Codex release compiler task to fetch source snapshots, fill values, validate licenses, and update coverage summary."
ZAF,South Africa,country:ZAF,unknown_until_hidden_release_artifacts_fetchable,not_promoted,False,"[""PainMap hidden coverage artifacts not fetched"", ""source snapshots not captured"", ""licenses not fully verified"", ""numeric values not fetched/QAed""]","Run Codex release compiler task to fetch source snapshots, fill values, validate licenses, and update coverage summary."
ZMB,Zambia,country:ZMB,unknown_until_hidden_release_artifacts_fetchable,not_promoted,False,"[""PainMap hidden coverage artifacts not fetched"", ""source snapshots not captured"", ""licenses not fully verified"", ""numeric values not fetched/QAed""]","Run Codex release compiler task to fetch source snapshots, fill values, validate licenses, and update coverage summary."
ZWE,Zimbabwe,country:ZWE,unknown_until_hidden_release_artifacts_fetchable,not_promoted,False,"[""PainMap hidden coverage artifacts not fetched"", ""source snapshots not captured"", ""licenses not fully verified"", ""numeric values not fetched/QAed""]","Run Codex release compiler task to fetch source snapshots, fill values, validate licenses, and update coverage summary."
