license_id,label,license_uri,redistribution_status,notes
painmap-site-terms-unknown,PainMap site terms not inspected,https://painmaps.org/,do_not_republish_as_data,
world-bank-terms,World Bank terms,https://www.worldbank.org/en/about/legal/terms-of-use-for-datasets,verify_before_public_release,
owid-cc-by-third-party-terms,OWID CC BY plus third-party source terms,https://ourworldindata.org/grapher/insecticide-use,verify_original_provider_terms,
fishcount-permission-needed,Fishcount copyright / permission needed,https://fishcount.org.uk/,blocked_until_permission_or_terms_confirmed,
rp-use-terms-needed,Rethink Priorities use terms need review,https://rethinkpriorities.org/research-area/welfare-range-estimates/,assumption_reference_only_until_terms_review,
wai-use-terms-needed,Wild Animal Initiative use terms need review,https://www.wildanimalinitiative.org/,assumption_reference_only_until_terms_review,
natural-earth-public-domain,Natural Earth public domain,https://www.naturalearthdata.com/about/terms-of-use/,likely_ok_verify_snapshot,
geoboundaries-license-check,geoBoundaries license check,https://www.geoboundaries.org/,verify_per_dataset_before_release,
cc-by-4.0,Creative Commons Attribution 4.0 International,https://creativecommons.org/licenses/by/4.0/,permitted_with_attribution,Applies to the selected World Bank indicator pages used by the WHO mortality-context supplement; preserve source-level attribution.
