source_snapshot_id,source_id,affected_layer_ids,affected_issue_ids,fetch_status,current_parse_status,owid_metadata_file,grapher_slug,title,underlying_provider,underlying_source_url,underlying_license_name,underlying_license_uri,owid_citation,provider_citation,can_store_raw_snapshot,can_publish_derived_values,can_publish_derived_country_values,required_attribution,no_endorsement_or_provider_caveat,evidence_found,remaining_uncertainty,recommended_parse_status,recommended_allowed_use_scope,block_reason_if_still_blocked,next_action
snapshot.release-candidate-2026-07-07.country-context.v0.owid-land-animals-slaughtered.1,owid-land-animals-slaughtered,factory-farmed-animals,issue.factory-farmed-animals,ok,blocked_license_unclear,,land-animals-slaughtered-for-meat,OWID land animals slaughtered for meat,Food and Agriculture Organization of the United Nations (2025),,owid-cc-by-with-third-party-terms-review,,"Our World in Data; original providers as listed in metadata | metadata citation: Food and Agriculture Organization of the United Nations (2025) – processed by Our World in Data. “Number of cattle slaughtered to produce meat” [dataset]. Food and Agriculture Organization of the United Nations, “Production: Crops and livestock products” [original data]. || Food and Agriculture Organization of the United Nations (2025) – processed by Our World in Data. “Number of chickens slaughtered to produce meat” [dataset]. Food and Agriculture Organization of the United Nations, “Production: Crops and livestock products” [original data]. || Food and Agriculture Organization of the United Nations (2025) – processed by Our World in Data. “Number of ducks slaughtered to produce meat” [dataset]. Food and Agriculture Organization of the United Nations, “Production: Crops and livestock products” [original data].","Our World in Data; original providers as listed in metadata | metadata citation: Food and Agriculture Organization of the United Nations (2025) – processed by Our World in Data. “Number of cattle slaughtered to produce meat” [dataset]. Food and Agriculture Organization of the United Nations, “Production: Crops and livestock products” [original data]. || Food and Agriculture Organization of the United Nations (2025) – processed by Our World in Data. “Number of chickens slaughtered to produce meat” [dataset]. Food and Agriculture Organization of the United Nations, “Production: Crops and livestock products” [original data]. || Food and Agriculture Organization of the United Nations (2025) – processed by Our World in Data. “Number of ducks slaughtered to produce meat” [dataset]. Food and Agriculture Organization of the United Nations, “Production: Crops and livestock products” [original data].",false,false,false,"Our World in Data; original providers as listed in metadata | metadata citation: Food and Agriculture Organization of the United Nations (2025) – processed by Our World in Data. “Number of cattle slaughtered to produce meat” [dataset]. Food and Agriculture Organization of the United Nations, “Production: Crops and livestock products” [original data]. || Food and Agriculture Organization of the United Nations (2025) – processed by Our World in Data. “Number of chickens slaughtered to produce meat” [dataset]. Food and Agriculture Organization of the United Nations, “Production: Crops and livestock products” [original data]. || Food and Agriculture Organization of the United Nations (2025) – processed by Our World in Data. “Number of ducks slaughtered to produce meat” [dataset]. Food and Agriculture Organization of the United Nations, “Production: Crops and livestock products” [original data].",Do not imply Our World in Data or underlying-provider endorsement; follow provider license and attribution terms.,"Fetched OWID metadata citation(s): Food and Agriculture Organization of the United Nations (2025) – processed by Our World in Data. “Number of cattle slaughtered to produce meat” [dataset]. Food and Agriculture Organization of the United Nations, “Production: Crops and livestock products” [original data]. || Food and Agriculture Organization of the United Nations (2025) – processed by Our World in Data. “Number of chickens slaughtered to produce meat” [dataset]. Food and Agriculture Organization of the United Nations, “Production: Crops and livestock products” [original data]. || Food and Agriculture Organization of the United Nations (2025) – processed by Our World in Data. “Number of ducks slaughtered to produce meat” [dataset]. Food and Agriculture Organization of the United Nations, “Production: Crops and livestock products” [original data]. || Food and Agriculture Organization of the United Nations (2025) – processed by Our World in Data. “Number of geese slaughtered to produce meat” [dataset]. Food and Agriculture Organization of the United Nations, “Production: Crops and livestock products” [original data]. || Food and Agriculture Organization of the United Nations (2025) – processed by Our World in Data. “Number of goats slaughtered to produce meat” [dataset]. Food and Agriculture Organization of the United Nations, “Production: Crops and livestock products” [original data].; OWID FAQ reviewed for third-party license rule. | OWID guidance says third-party data/material are subject to original-provider license terms; fetched candidate registry has no license URI or redistribution permission for the underlying provider. | no local metadata JSON available; original path `fetched-source-snapshots/snapshot.release-candidate-2026-07-07.country-context.v0.owid-land-animals-slaughtered.1.csv` is not present",underlying provider license URI; raw snapshot storage permission; derived-country-value redistribution permission; local metadata JSON for reinspection,blocked_provider_terms_unclear,"Metadata/provenance review only; no numeric parsing or derived publication until provider license URI, redistribution terms, storage permission, and attribution are recorded.","OWID metadata points to third-party/original provider data, but no underlying provider license URI is recorded.","Record underlying provider license URI, redistribution terms, raw-snapshot storage permission, and required attribution; then repeat unblock review."
snapshot.release-candidate-2026-07-07.country-context.v0.owid-land-animals-slaughtered.2,owid-land-animals-slaughtered,factory-farmed-animals,issue.factory-farmed-animals,ok,blocked_license_unclear,,land-animals-slaughtered-for-meat,OWID land animals slaughtered for meat,Food and Agriculture Organization of the United Nations (2025),,owid-cc-by-with-third-party-terms-review,,"Our World in Data; original providers as listed in metadata | metadata citation: Food and Agriculture Organization of the United Nations (2025) – processed by Our World in Data. “Number of cattle slaughtered to produce meat” [dataset]. Food and Agriculture Organization of the United Nations, “Production: Crops and livestock products” [original data]. || Food and Agriculture Organization of the United Nations (2025) – processed by Our World in Data. “Number of chickens slaughtered to produce meat” [dataset]. Food and Agriculture Organization of the United Nations, “Production: Crops and livestock products” [original data]. || Food and Agriculture Organization of the United Nations (2025) – processed by Our World in Data. “Number of ducks slaughtered to produce meat” [dataset]. Food and Agriculture Organization of the United Nations, “Production: Crops and livestock products” [original data].","Our World in Data; original providers as listed in metadata | metadata citation: Food and Agriculture Organization of the United Nations (2025) – processed by Our World in Data. “Number of cattle slaughtered to produce meat” [dataset]. Food and Agriculture Organization of the United Nations, “Production: Crops and livestock products” [original data]. || Food and Agriculture Organization of the United Nations (2025) – processed by Our World in Data. “Number of chickens slaughtered to produce meat” [dataset]. Food and Agriculture Organization of the United Nations, “Production: Crops and livestock products” [original data]. || Food and Agriculture Organization of the United Nations (2025) – processed by Our World in Data. “Number of ducks slaughtered to produce meat” [dataset]. Food and Agriculture Organization of the United Nations, “Production: Crops and livestock products” [original data].",false,false,false,"Our World in Data; original providers as listed in metadata | metadata citation: Food and Agriculture Organization of the United Nations (2025) – processed by Our World in Data. “Number of cattle slaughtered to produce meat” [dataset]. Food and Agriculture Organization of the United Nations, “Production: Crops and livestock products” [original data]. || Food and Agriculture Organization of the United Nations (2025) – processed by Our World in Data. “Number of chickens slaughtered to produce meat” [dataset]. Food and Agriculture Organization of the United Nations, “Production: Crops and livestock products” [original data]. || Food and Agriculture Organization of the United Nations (2025) – processed by Our World in Data. “Number of ducks slaughtered to produce meat” [dataset]. Food and Agriculture Organization of the United Nations, “Production: Crops and livestock products” [original data].",Do not imply Our World in Data or underlying-provider endorsement; follow provider license and attribution terms.,"Fetched OWID metadata citation(s): Food and Agriculture Organization of the United Nations (2025) – processed by Our World in Data. “Number of cattle slaughtered to produce meat” [dataset]. Food and Agriculture Organization of the United Nations, “Production: Crops and livestock products” [original data]. || Food and Agriculture Organization of the United Nations (2025) – processed by Our World in Data. “Number of chickens slaughtered to produce meat” [dataset]. Food and Agriculture Organization of the United Nations, “Production: Crops and livestock products” [original data]. || Food and Agriculture Organization of the United Nations (2025) – processed by Our World in Data. “Number of ducks slaughtered to produce meat” [dataset]. Food and Agriculture Organization of the United Nations, “Production: Crops and livestock products” [original data]. || Food and Agriculture Organization of the United Nations (2025) – processed by Our World in Data. “Number of geese slaughtered to produce meat” [dataset]. Food and Agriculture Organization of the United Nations, “Production: Crops and livestock products” [original data]. || Food and Agriculture Organization of the United Nations (2025) – processed by Our World in Data. “Number of goats slaughtered to produce meat” [dataset]. Food and Agriculture Organization of the United Nations, “Production: Crops and livestock products” [original data].; OWID FAQ reviewed for third-party license rule. | OWID guidance says third-party data/material are subject to original-provider license terms; fetched candidate registry has no license URI or redistribution permission for the underlying provider. | no local metadata JSON available; original path `fetched-source-snapshots/snapshot.release-candidate-2026-07-07.country-context.v0.owid-land-animals-slaughtered.2.json` is not present",underlying provider license URI; raw snapshot storage permission; derived-country-value redistribution permission; local metadata JSON for reinspection,blocked_provider_terms_unclear,"Metadata/provenance review only; no numeric parsing or derived publication until provider license URI, redistribution terms, storage permission, and attribution are recorded.","OWID metadata points to third-party/original provider data, but no underlying provider license URI is recorded.","Record underlying provider license URI, redistribution terms, raw-snapshot storage permission, and required attribution; then repeat unblock review."
snapshot.release-candidate-2026-07-07.country-context.v0.owid-farmed-fish-killed.1,owid-farmed-fish-killed,farmed-fish,issue.farmed-fish,ok,blocked_license_unclear,,farmed-fish-killed,OWID farmed fish killed,Fishcount (2024),,owid-cc-by-with-third-party-terms-review,,"Our World in Data; original providers as listed in metadata | metadata citation: Fishcount (2024) – with minor processing by Our World in Data. “Estimated number of farmed fish (lower bound)” [dataset]. Mood et al., “Number of farmed fish killed for food worldwide”; Fishcount, “Estimated farmed finfish numbers” [original data]. || Fishcount (2024) – with minor processing by Our World in Data. “Estimated number of farmed fish (upper bound)” [dataset]. Mood et al., “Number of farmed fish killed for food worldwide”; Fishcount, “Estimated farmed finfish numbers” [original data]. || Fishcount (2024) – with minor processing by Our World in Data. “Estimated number of farmed fish” [dataset]. Mood et al., “Number of farmed fish killed for food worldwide”; Fishcount, “Estimated farmed finfish numbers” [original data].","Our World in Data; original providers as listed in metadata | metadata citation: Fishcount (2024) – with minor processing by Our World in Data. “Estimated number of farmed fish (lower bound)” [dataset]. Mood et al., “Number of farmed fish killed for food worldwide”; Fishcount, “Estimated farmed finfish numbers” [original data]. || Fishcount (2024) – with minor processing by Our World in Data. “Estimated number of farmed fish (upper bound)” [dataset]. Mood et al., “Number of farmed fish killed for food worldwide”; Fishcount, “Estimated farmed finfish numbers” [original data]. || Fishcount (2024) – with minor processing by Our World in Data. “Estimated number of farmed fish” [dataset]. Mood et al., “Number of farmed fish killed for food worldwide”; Fishcount, “Estimated farmed finfish numbers” [original data].",false,false,false,"Our World in Data; original providers as listed in metadata | metadata citation: Fishcount (2024) – with minor processing by Our World in Data. “Estimated number of farmed fish (lower bound)” [dataset]. Mood et al., “Number of farmed fish killed for food worldwide”; Fishcount, “Estimated farmed finfish numbers” [original data]. || Fishcount (2024) – with minor processing by Our World in Data. “Estimated number of farmed fish (upper bound)” [dataset]. Mood et al., “Number of farmed fish killed for food worldwide”; Fishcount, “Estimated farmed finfish numbers” [original data]. || Fishcount (2024) – with minor processing by Our World in Data. “Estimated number of farmed fish” [dataset]. Mood et al., “Number of farmed fish killed for food worldwide”; Fishcount, “Estimated farmed finfish numbers” [original data].",Do not imply Our World in Data or underlying-provider endorsement; follow provider license and attribution terms.,"Fetched OWID metadata citation(s): Fishcount (2024) – with minor processing by Our World in Data. “Estimated number of farmed fish (lower bound)” [dataset]. Mood et al., “Number of farmed fish killed for food worldwide”; Fishcount, “Estimated farmed finfish numbers” [original data]. || Fishcount (2024) – with minor processing by Our World in Data. “Estimated number of farmed fish (upper bound)” [dataset]. Mood et al., “Number of farmed fish killed for food worldwide”; Fishcount, “Estimated farmed finfish numbers” [original data]. || Fishcount (2024) – with minor processing by Our World in Data. “Estimated number of farmed fish” [dataset]. Mood et al., “Number of farmed fish killed for food worldwide”; Fishcount, “Estimated farmed finfish numbers” [original data].; OWID FAQ reviewed for third-party license rule. | OWID guidance says third-party data/material are subject to original-provider license terms; fetched candidate registry has no license URI or redistribution permission for the underlying provider. | no local metadata JSON available; original path `fetched-source-snapshots/snapshot.release-candidate-2026-07-07.country-context.v0.owid-farmed-fish-killed.1.csv` is not present",underlying provider license URI; raw snapshot storage permission; derived-country-value redistribution permission; local metadata JSON for reinspection,blocked_provider_terms_unclear,"Metadata/provenance review only; no numeric parsing or derived publication until provider license URI, redistribution terms, storage permission, and attribution are recorded.","OWID metadata points to third-party/original provider data, but no underlying provider license URI is recorded.","Record underlying provider license URI, redistribution terms, raw-snapshot storage permission, and required attribution; then repeat unblock review."
snapshot.release-candidate-2026-07-07.country-context.v0.owid-farmed-fish-killed.2,owid-farmed-fish-killed,farmed-fish,issue.farmed-fish,ok,blocked_license_unclear,,farmed-fish-killed,OWID farmed fish killed,Fishcount (2024),,owid-cc-by-with-third-party-terms-review,,"Our World in Data; original providers as listed in metadata | metadata citation: Fishcount (2024) – with minor processing by Our World in Data. “Estimated number of farmed fish (lower bound)” [dataset]. Mood et al., “Number of farmed fish killed for food worldwide”; Fishcount, “Estimated farmed finfish numbers” [original data]. || Fishcount (2024) – with minor processing by Our World in Data. “Estimated number of farmed fish (upper bound)” [dataset]. Mood et al., “Number of farmed fish killed for food worldwide”; Fishcount, “Estimated farmed finfish numbers” [original data]. || Fishcount (2024) – with minor processing by Our World in Data. “Estimated number of farmed fish” [dataset]. Mood et al., “Number of farmed fish killed for food worldwide”; Fishcount, “Estimated farmed finfish numbers” [original data].","Our World in Data; original providers as listed in metadata | metadata citation: Fishcount (2024) – with minor processing by Our World in Data. “Estimated number of farmed fish (lower bound)” [dataset]. Mood et al., “Number of farmed fish killed for food worldwide”; Fishcount, “Estimated farmed finfish numbers” [original data]. || Fishcount (2024) – with minor processing by Our World in Data. “Estimated number of farmed fish (upper bound)” [dataset]. Mood et al., “Number of farmed fish killed for food worldwide”; Fishcount, “Estimated farmed finfish numbers” [original data]. || Fishcount (2024) – with minor processing by Our World in Data. “Estimated number of farmed fish” [dataset]. Mood et al., “Number of farmed fish killed for food worldwide”; Fishcount, “Estimated farmed finfish numbers” [original data].",false,false,false,"Our World in Data; original providers as listed in metadata | metadata citation: Fishcount (2024) – with minor processing by Our World in Data. “Estimated number of farmed fish (lower bound)” [dataset]. Mood et al., “Number of farmed fish killed for food worldwide”; Fishcount, “Estimated farmed finfish numbers” [original data]. || Fishcount (2024) – with minor processing by Our World in Data. “Estimated number of farmed fish (upper bound)” [dataset]. Mood et al., “Number of farmed fish killed for food worldwide”; Fishcount, “Estimated farmed finfish numbers” [original data]. || Fishcount (2024) – with minor processing by Our World in Data. “Estimated number of farmed fish” [dataset]. Mood et al., “Number of farmed fish killed for food worldwide”; Fishcount, “Estimated farmed finfish numbers” [original data].",Do not imply Our World in Data or underlying-provider endorsement; follow provider license and attribution terms.,"Fetched OWID metadata citation(s): Fishcount (2024) – with minor processing by Our World in Data. “Estimated number of farmed fish (lower bound)” [dataset]. Mood et al., “Number of farmed fish killed for food worldwide”; Fishcount, “Estimated farmed finfish numbers” [original data]. || Fishcount (2024) – with minor processing by Our World in Data. “Estimated number of farmed fish (upper bound)” [dataset]. Mood et al., “Number of farmed fish killed for food worldwide”; Fishcount, “Estimated farmed finfish numbers” [original data]. || Fishcount (2024) – with minor processing by Our World in Data. “Estimated number of farmed fish” [dataset]. Mood et al., “Number of farmed fish killed for food worldwide”; Fishcount, “Estimated farmed finfish numbers” [original data].; OWID FAQ reviewed for third-party license rule. | OWID guidance says third-party data/material are subject to original-provider license terms; fetched candidate registry has no license URI or redistribution permission for the underlying provider. | no local metadata JSON available; original path `fetched-source-snapshots/snapshot.release-candidate-2026-07-07.country-context.v0.owid-farmed-fish-killed.2.json` is not present",underlying provider license URI; raw snapshot storage permission; derived-country-value redistribution permission; local metadata JSON for reinspection,blocked_provider_terms_unclear,"Metadata/provenance review only; no numeric parsing or derived publication until provider license URI, redistribution terms, storage permission, and attribution are recorded.","OWID metadata points to third-party/original provider data, but no underlying provider license URI is recorded.","Record underlying provider license URI, redistribution terms, raw-snapshot storage permission, and required attribution; then repeat unblock review."
snapshot.release-candidate-2026-07-07.country-context.v0.owid-wild-caught-fish.1,owid-wild-caught-fish,wild-caught-fish,issue.wild-caught-fish,ok,blocked_license_unclear,,wild-caught-fish,OWID wild-caught fish,Mood and Brooke (2024),,owid-cc-by-with-third-party-terms-review,,"Our World in Data; original providers as listed in metadata | metadata citation: Mood and Brooke (2024) – processed by Our World in Data. “Estimated number of wild-caught fish (lower bound)” [dataset]. Mood and Brooke, “Number of individual wild fish killed for food” [original data]. || Mood and Brooke (2024) – processed by Our World in Data. “Estimated number of wild-caught fish (upper bound)” [dataset]. Mood and Brooke, “Number of individual wild fish killed for food” [original data]. || Mood and Brooke (2024) – processed by Our World in Data. “Estimated number of wild-caught fish” [dataset]. Mood and Brooke, “Number of individual wild fish killed for food” [original data].","Our World in Data; original providers as listed in metadata | metadata citation: Mood and Brooke (2024) – processed by Our World in Data. “Estimated number of wild-caught fish (lower bound)” [dataset]. Mood and Brooke, “Number of individual wild fish killed for food” [original data]. || Mood and Brooke (2024) – processed by Our World in Data. “Estimated number of wild-caught fish (upper bound)” [dataset]. Mood and Brooke, “Number of individual wild fish killed for food” [original data]. || Mood and Brooke (2024) – processed by Our World in Data. “Estimated number of wild-caught fish” [dataset]. Mood and Brooke, “Number of individual wild fish killed for food” [original data].",false,false,false,"Our World in Data; original providers as listed in metadata | metadata citation: Mood and Brooke (2024) – processed by Our World in Data. “Estimated number of wild-caught fish (lower bound)” [dataset]. Mood and Brooke, “Number of individual wild fish killed for food” [original data]. || Mood and Brooke (2024) – processed by Our World in Data. “Estimated number of wild-caught fish (upper bound)” [dataset]. Mood and Brooke, “Number of individual wild fish killed for food” [original data]. || Mood and Brooke (2024) – processed by Our World in Data. “Estimated number of wild-caught fish” [dataset]. Mood and Brooke, “Number of individual wild fish killed for food” [original data].",Do not imply Our World in Data or underlying-provider endorsement; follow provider license and attribution terms.,"Fetched OWID metadata citation(s): Mood and Brooke (2024) – processed by Our World in Data. “Estimated number of wild-caught fish (lower bound)” [dataset]. Mood and Brooke, “Number of individual wild fish killed for food” [original data]. || Mood and Brooke (2024) – processed by Our World in Data. “Estimated number of wild-caught fish (upper bound)” [dataset]. Mood and Brooke, “Number of individual wild fish killed for food” [original data]. || Mood and Brooke (2024) – processed by Our World in Data. “Estimated number of wild-caught fish” [dataset]. Mood and Brooke, “Number of individual wild fish killed for food” [original data].; OWID FAQ reviewed for third-party license rule. | OWID guidance says third-party data/material are subject to original-provider license terms; fetched candidate registry has no license URI or redistribution permission for the underlying provider. | no local metadata JSON available; original path `fetched-source-snapshots/snapshot.release-candidate-2026-07-07.country-context.v0.owid-wild-caught-fish.1.csv` is not present",underlying provider license URI; raw snapshot storage permission; derived-country-value redistribution permission; local metadata JSON for reinspection,blocked_provider_terms_unclear,"Metadata/provenance review only; no numeric parsing or derived publication until provider license URI, redistribution terms, storage permission, and attribution are recorded.","OWID metadata points to third-party/original provider data, but no underlying provider license URI is recorded.","Record underlying provider license URI, redistribution terms, raw-snapshot storage permission, and required attribution; then repeat unblock review."
snapshot.release-candidate-2026-07-07.country-context.v0.owid-wild-caught-fish.2,owid-wild-caught-fish,wild-caught-fish,issue.wild-caught-fish,ok,blocked_license_unclear,,wild-caught-fish,OWID wild-caught fish,Mood and Brooke (2024),,owid-cc-by-with-third-party-terms-review,,"Our World in Data; original providers as listed in metadata | metadata citation: Mood and Brooke (2024) – processed by Our World in Data. “Estimated number of wild-caught fish (lower bound)” [dataset]. Mood and Brooke, “Number of individual wild fish killed for food” [original data]. || Mood and Brooke (2024) – processed by Our World in Data. “Estimated number of wild-caught fish (upper bound)” [dataset]. Mood and Brooke, “Number of individual wild fish killed for food” [original data]. || Mood and Brooke (2024) – processed by Our World in Data. “Estimated number of wild-caught fish” [dataset]. Mood and Brooke, “Number of individual wild fish killed for food” [original data].","Our World in Data; original providers as listed in metadata | metadata citation: Mood and Brooke (2024) – processed by Our World in Data. “Estimated number of wild-caught fish (lower bound)” [dataset]. Mood and Brooke, “Number of individual wild fish killed for food” [original data]. || Mood and Brooke (2024) – processed by Our World in Data. “Estimated number of wild-caught fish (upper bound)” [dataset]. Mood and Brooke, “Number of individual wild fish killed for food” [original data]. || Mood and Brooke (2024) – processed by Our World in Data. “Estimated number of wild-caught fish” [dataset]. Mood and Brooke, “Number of individual wild fish killed for food” [original data].",false,false,false,"Our World in Data; original providers as listed in metadata | metadata citation: Mood and Brooke (2024) – processed by Our World in Data. “Estimated number of wild-caught fish (lower bound)” [dataset]. Mood and Brooke, “Number of individual wild fish killed for food” [original data]. || Mood and Brooke (2024) – processed by Our World in Data. “Estimated number of wild-caught fish (upper bound)” [dataset]. Mood and Brooke, “Number of individual wild fish killed for food” [original data]. || Mood and Brooke (2024) – processed by Our World in Data. “Estimated number of wild-caught fish” [dataset]. Mood and Brooke, “Number of individual wild fish killed for food” [original data].",Do not imply Our World in Data or underlying-provider endorsement; follow provider license and attribution terms.,"Fetched OWID metadata citation(s): Mood and Brooke (2024) – processed by Our World in Data. “Estimated number of wild-caught fish (lower bound)” [dataset]. Mood and Brooke, “Number of individual wild fish killed for food” [original data]. || Mood and Brooke (2024) – processed by Our World in Data. “Estimated number of wild-caught fish (upper bound)” [dataset]. Mood and Brooke, “Number of individual wild fish killed for food” [original data]. || Mood and Brooke (2024) – processed by Our World in Data. “Estimated number of wild-caught fish” [dataset]. Mood and Brooke, “Number of individual wild fish killed for food” [original data].; OWID FAQ reviewed for third-party license rule. | OWID guidance says third-party data/material are subject to original-provider license terms; fetched candidate registry has no license URI or redistribution permission for the underlying provider. | no local metadata JSON available; original path `fetched-source-snapshots/snapshot.release-candidate-2026-07-07.country-context.v0.owid-wild-caught-fish.2.json` is not present",underlying provider license URI; raw snapshot storage permission; derived-country-value redistribution permission; local metadata JSON for reinspection,blocked_provider_terms_unclear,"Metadata/provenance review only; no numeric parsing or derived publication until provider license URI, redistribution terms, storage permission, and attribution are recorded.","OWID metadata points to third-party/original provider data, but no underlying provider license URI is recorded.","Record underlying provider license URI, redistribution terms, raw-snapshot storage permission, and required attribution; then repeat unblock review."
snapshot.release-candidate-2026-07-07.country-context.v0.owid-farmed-crustaceans.1,owid-farmed-crustaceans,farmed-crustaceans,issue.farmed-crustaceans,ok,blocked_license_unclear,,farmed-crustaceans,OWID farmed crustaceans,Fishcount (2024),,owid-cc-by-with-third-party-terms-review,,"Our World in Data; original providers as listed in metadata | metadata citation: Fishcount (2024) – processed by Our World in Data. “Lower bound” [dataset]. Fishcount, “Number of individual farmed crustaceans” [original data]. || Fishcount (2024) – processed by Our World in Data. “Mid-point estimate” [dataset]. Fishcount, “Number of individual farmed crustaceans” [original data]. || Fishcount (2024) – processed by Our World in Data. “Upper bound” [dataset]. Fishcount, “Number of individual farmed crustaceans” [original data].","Our World in Data; original providers as listed in metadata | metadata citation: Fishcount (2024) – processed by Our World in Data. “Lower bound” [dataset]. Fishcount, “Number of individual farmed crustaceans” [original data]. || Fishcount (2024) – processed by Our World in Data. “Mid-point estimate” [dataset]. Fishcount, “Number of individual farmed crustaceans” [original data]. || Fishcount (2024) – processed by Our World in Data. “Upper bound” [dataset]. Fishcount, “Number of individual farmed crustaceans” [original data].",false,false,false,"Our World in Data; original providers as listed in metadata | metadata citation: Fishcount (2024) – processed by Our World in Data. “Lower bound” [dataset]. Fishcount, “Number of individual farmed crustaceans” [original data]. || Fishcount (2024) – processed by Our World in Data. “Mid-point estimate” [dataset]. Fishcount, “Number of individual farmed crustaceans” [original data]. || Fishcount (2024) – processed by Our World in Data. “Upper bound” [dataset]. Fishcount, “Number of individual farmed crustaceans” [original data].",Do not imply Our World in Data or underlying-provider endorsement; follow provider license and attribution terms.,"Fetched OWID metadata citation(s): Fishcount (2024) – processed by Our World in Data. “Lower bound” [dataset]. Fishcount, “Number of individual farmed crustaceans” [original data]. || Fishcount (2024) – processed by Our World in Data. “Mid-point estimate” [dataset]. Fishcount, “Number of individual farmed crustaceans” [original data]. || Fishcount (2024) – processed by Our World in Data. “Upper bound” [dataset]. Fishcount, “Number of individual farmed crustaceans” [original data].; OWID FAQ reviewed for third-party license rule. | OWID guidance says third-party data/material are subject to original-provider license terms; fetched candidate registry has no license URI or redistribution permission for the underlying provider. | no local metadata JSON available; original path `fetched-source-snapshots/snapshot.release-candidate-2026-07-07.country-context.v0.owid-farmed-crustaceans.1.csv` is not present",underlying provider license URI; raw snapshot storage permission; derived-country-value redistribution permission; local metadata JSON for reinspection,blocked_provider_terms_unclear,"Metadata/provenance review only; no numeric parsing or derived publication until provider license URI, redistribution terms, storage permission, and attribution are recorded.","OWID metadata points to third-party/original provider data, but no underlying provider license URI is recorded.","Record underlying provider license URI, redistribution terms, raw-snapshot storage permission, and required attribution; then repeat unblock review."
snapshot.release-candidate-2026-07-07.country-context.v0.owid-farmed-crustaceans.2,owid-farmed-crustaceans,farmed-crustaceans,issue.farmed-crustaceans,ok,blocked_license_unclear,,farmed-crustaceans,OWID farmed crustaceans,Fishcount (2024),,owid-cc-by-with-third-party-terms-review,,"Our World in Data; original providers as listed in metadata | metadata citation: Fishcount (2024) – processed by Our World in Data. “Lower bound” [dataset]. Fishcount, “Number of individual farmed crustaceans” [original data]. || Fishcount (2024) – processed by Our World in Data. “Mid-point estimate” [dataset]. Fishcount, “Number of individual farmed crustaceans” [original data]. || Fishcount (2024) – processed by Our World in Data. “Upper bound” [dataset]. Fishcount, “Number of individual farmed crustaceans” [original data].","Our World in Data; original providers as listed in metadata | metadata citation: Fishcount (2024) – processed by Our World in Data. “Lower bound” [dataset]. Fishcount, “Number of individual farmed crustaceans” [original data]. || Fishcount (2024) – processed by Our World in Data. “Mid-point estimate” [dataset]. Fishcount, “Number of individual farmed crustaceans” [original data]. || Fishcount (2024) – processed by Our World in Data. “Upper bound” [dataset]. Fishcount, “Number of individual farmed crustaceans” [original data].",false,false,false,"Our World in Data; original providers as listed in metadata | metadata citation: Fishcount (2024) – processed by Our World in Data. “Lower bound” [dataset]. Fishcount, “Number of individual farmed crustaceans” [original data]. || Fishcount (2024) – processed by Our World in Data. “Mid-point estimate” [dataset]. Fishcount, “Number of individual farmed crustaceans” [original data]. || Fishcount (2024) – processed by Our World in Data. “Upper bound” [dataset]. Fishcount, “Number of individual farmed crustaceans” [original data].",Do not imply Our World in Data or underlying-provider endorsement; follow provider license and attribution terms.,"Fetched OWID metadata citation(s): Fishcount (2024) – processed by Our World in Data. “Lower bound” [dataset]. Fishcount, “Number of individual farmed crustaceans” [original data]. || Fishcount (2024) – processed by Our World in Data. “Mid-point estimate” [dataset]. Fishcount, “Number of individual farmed crustaceans” [original data]. || Fishcount (2024) – processed by Our World in Data. “Upper bound” [dataset]. Fishcount, “Number of individual farmed crustaceans” [original data].; OWID FAQ reviewed for third-party license rule. | OWID guidance says third-party data/material are subject to original-provider license terms; fetched candidate registry has no license URI or redistribution permission for the underlying provider. | no local metadata JSON available; original path `fetched-source-snapshots/snapshot.release-candidate-2026-07-07.country-context.v0.owid-farmed-crustaceans.2.json` is not present",underlying provider license URI; raw snapshot storage permission; derived-country-value redistribution permission; local metadata JSON for reinspection,blocked_provider_terms_unclear,"Metadata/provenance review only; no numeric parsing or derived publication until provider license URI, redistribution terms, storage permission, and attribution are recorded.","OWID metadata points to third-party/original provider data, but no underlying provider license URI is recorded.","Record underlying provider license URI, redistribution terms, raw-snapshot storage permission, and required attribution; then repeat unblock review."
snapshot.release-candidate-2026-07-07.country-context.v0.owid-insecticide-use-fao.1,owid-insecticide-use-fao,insects-insecticide,issue.insect-welfare,ok,blocked_license_unclear,,insecticide-use,"OWID insecticide use, adapted from FAOSTAT",Food and Agriculture Organization of the United Nations (2025),,owid-cc-by-with-fao-terms-review,,"Food and Agriculture Organization of the United Nations (2025) with major processing by Our World in Data | metadata citation: Food and Agriculture Organization of the United Nations (2025) – with major processing by Our World in Data. “Insecticide use – UN FAO” [dataset]. Food and Agriculture Organization of the United Nations, “Land, Inputs and Sustainability: Pesticides Use” [original data].","Food and Agriculture Organization of the United Nations (2025) with major processing by Our World in Data | metadata citation: Food and Agriculture Organization of the United Nations (2025) – with major processing by Our World in Data. “Insecticide use – UN FAO” [dataset]. Food and Agriculture Organization of the United Nations, “Land, Inputs and Sustainability: Pesticides Use” [original data].",false,false,false,"Food and Agriculture Organization of the United Nations (2025) with major processing by Our World in Data | metadata citation: Food and Agriculture Organization of the United Nations (2025) – with major processing by Our World in Data. “Insecticide use – UN FAO” [dataset]. Food and Agriculture Organization of the United Nations, “Land, Inputs and Sustainability: Pesticides Use” [original data].",Do not imply Our World in Data or underlying-provider endorsement; follow provider license and attribution terms.,"Fetched OWID metadata citation(s): Food and Agriculture Organization of the United Nations (2025) – with major processing by Our World in Data. “Insecticide use – UN FAO” [dataset]. Food and Agriculture Organization of the United Nations, “Land, Inputs and Sustainability: Pesticides Use” [original data].; OWID FAQ reviewed for third-party license rule. | OWID guidance says third-party data/material are subject to original-provider license terms; fetched candidate registry has no license URI or redistribution permission for the underlying provider. | no local metadata JSON available; original path `fetched-source-snapshots/snapshot.release-candidate-2026-07-07.country-context.v0.owid-insecticide-use-fao.1.csv` is not present",underlying provider license URI; raw snapshot storage permission; derived-country-value redistribution permission; local metadata JSON for reinspection,blocked_provider_terms_unclear,"Metadata/provenance review only; no numeric parsing or derived publication until provider license URI, redistribution terms, storage permission, and attribution are recorded.","OWID metadata points to third-party/original provider data, but no underlying provider license URI is recorded.","Record underlying provider license URI, redistribution terms, raw-snapshot storage permission, and required attribution; then repeat unblock review."
snapshot.release-candidate-2026-07-07.country-context.v0.owid-insecticide-use-fao.2,owid-insecticide-use-fao,insects-insecticide,issue.insect-welfare,ok,blocked_license_unclear,,insecticide-use,"OWID insecticide use, adapted from FAOSTAT",Food and Agriculture Organization of the United Nations (2025),,owid-cc-by-with-fao-terms-review,,"Food and Agriculture Organization of the United Nations (2025) with major processing by Our World in Data | metadata citation: Food and Agriculture Organization of the United Nations (2025) – with major processing by Our World in Data. “Insecticide use – UN FAO” [dataset]. Food and Agriculture Organization of the United Nations, “Land, Inputs and Sustainability: Pesticides Use” [original data].","Food and Agriculture Organization of the United Nations (2025) with major processing by Our World in Data | metadata citation: Food and Agriculture Organization of the United Nations (2025) – with major processing by Our World in Data. “Insecticide use – UN FAO” [dataset]. Food and Agriculture Organization of the United Nations, “Land, Inputs and Sustainability: Pesticides Use” [original data].",false,false,false,"Food and Agriculture Organization of the United Nations (2025) with major processing by Our World in Data | metadata citation: Food and Agriculture Organization of the United Nations (2025) – with major processing by Our World in Data. “Insecticide use – UN FAO” [dataset]. Food and Agriculture Organization of the United Nations, “Land, Inputs and Sustainability: Pesticides Use” [original data].",Do not imply Our World in Data or underlying-provider endorsement; follow provider license and attribution terms.,"Fetched OWID metadata citation(s): Food and Agriculture Organization of the United Nations (2025) – with major processing by Our World in Data. “Insecticide use – UN FAO” [dataset]. Food and Agriculture Organization of the United Nations, “Land, Inputs and Sustainability: Pesticides Use” [original data].; OWID FAQ reviewed for third-party license rule. | OWID guidance says third-party data/material are subject to original-provider license terms; fetched candidate registry has no license URI or redistribution permission for the underlying provider. | no local metadata JSON available; original path `fetched-source-snapshots/snapshot.release-candidate-2026-07-07.country-context.v0.owid-insecticide-use-fao.2.json` is not present",underlying provider license URI; raw snapshot storage permission; derived-country-value redistribution permission; local metadata JSON for reinspection,blocked_provider_terms_unclear,"Metadata/provenance review only; no numeric parsing or derived publication until provider license URI, redistribution terms, storage permission, and attribution are recorded.","OWID metadata points to third-party/original provider data, but no underlying provider license URI is recorded.","Record underlying provider license URI, redistribution terms, raw-snapshot storage permission, and required attribution; then repeat unblock review."
snapshot.release-candidate-2026-07-07.country-context.v0.fishcount-farmed-fish.1,fishcount-farmed-fish,farmed-fish,issue.farmed-fish,error,blocked_unauthorized,,,Fishcount farmed fish slaughtered,Fishcount,,fishcount-terms-review-required,,,Fishcount,false,false,false,Fishcount,Do not bypass Fishcount access controls; do not imply permission without explicit authorization.,fetched manifest records <HTTPError 401: 'Unauthorized'>; candidate license registry status: blocked_pending_review | no local metadata JSON path recorded,Authorized access and license-compatible redistribution/storage permission are missing.,blocked_unauthorized,"No parsing, raw-snapshot storage, or derived publication until authorized access and license-compatible permission or alternate source exists.",source fetch returned 401 Unauthorized; do not bypass access controls,Seek explicit permission or a license-compatible alternate public source; do not retry with cookies or spoofed headers.
snapshot.release-candidate-2026-07-07.country-context.v0.fishcount-farmed-decapods.1,fishcount-farmed-decapods,farmed-crustaceans,issue.farmed-crustaceans,error,blocked_unauthorized,,,Fishcount farmed decapod crustaceans,Fishcount,,fishcount-terms-review-required,,,Fishcount,false,false,false,Fishcount,Do not bypass Fishcount access controls; do not imply permission without explicit authorization.,fetched manifest records <HTTPError 401: 'Unauthorized'>; candidate license registry status: blocked_pending_review | no local metadata JSON path recorded,Authorized access and license-compatible redistribution/storage permission are missing.,blocked_unauthorized,"No parsing, raw-snapshot storage, or derived publication until authorized access and license-compatible permission or alternate source exists.",source fetch returned 401 Unauthorized; do not bypass access controls,Seek explicit permission or a license-compatible alternate public source; do not retry with cookies or spoofed headers.
